ICAO;IATA;Airportname;Citycode;Cityname;Countrycode;Countryname;NUTS-3
LOWL;LNZ;LINZ;LNZ;LINZ;AT;AUSTRIA;AT312
LOWG;GRZ;GRAZ;GRZ;GRAZ;AT;AUSTRIA;AT221
LOWI;INN;INNSBRUCK;INN;INNSBRUCK;AT;AUSTRIA;AT332
LOWK;KLU;KLAGENFURT;KLU;KLAGENFURT;AT;AUSTRIA;AT211
LOWS;SZG;SALZBURG;SZG;SALZBURG;AT;AUSTRIA;AT323
LOWW;VIE;VIENNA;VIE;VIENNA;AT;AUSTRIA;AT130
EBCI;CRL;BRUSSELS SOUTH CHARLEROI AIRPORT;BRU;BRUSSELS;BE;BELGIUM;BE100
EBKT;KJK;KORTRIJK;KJK;KORTRIJK;BE;BELGIUM;BE254
EBZH;QHA;HASSELT OFF-LINE POINT;QHA;HASSELT;BE;BELGIUM;BE221
EBGT;GNE;GHENT;GNE;GHENT;BE;BELGIUM;BE234
EBNM;QNM;NAMUR RAIL STATION;QNM;NAMUR;BE;BELGIUM;BE352
EBBR;BRU;BRUSSELS NATIONAL AIRPORT;BRU;BRUSSELS;BE;BELGIUM;BE100
EBAW;ANR;ANTWERP DEURNE AIRPORT;ANR;ANTWERP;BE;BELGIUM;BE211
EBLG;LGG;LIEGE BIERSET APT;LGG;LIEGE;BE;BELGIUM;BE332
EBOS;OST;OSTEND;OST;OSTEND;BE;BELGIUM;BE255
EBZR;OBL;ZOERSEL;OBL;ZOERSEL;BE;BELGIUM;BE211
LBBG;BOJ;BURGAS airport;BOJ;BURGAS;BG;BULGARIA;BG341
LBPD;PDV;PLOVDIV;PDV;PLOVDIV;BG;BULGARIA;BG421
LBGO;GOZ;GORNA ORJAHOVICA;GOZ;GORNA ORJAHOVICA;BG;BULGARIA;BG321
LBSZ;SZR;STARA ZAGORA;SZR;STARA ZAGORA;BG;BULGARIA;BG344
LBRS;ROU;RUSE;ROU;RUSE;BG;BULGARIA;BG323
LBSF;SOF;SOFIA airport;SOF;SOFIA;BG;BULGARIA;BG411
LBWN;VAR;VARNA airport;VAR;VARNA;BG;BULGARIA;BG331
LSGN;QNC;NEUCHATEL OFF-LINE PT;QNC;NEUCHATEL;CH;SWITZERLAND;CH024
LSZB;BRN;BERNE BELP;BRN;BERNE;CH;SWITZERLAND;CH021
KQNC;QNC;NEUCHATEL OFF-LINE PT;QNC;NEUCHATEL;CH;SWITZERLAND;CH024
LSGL;QLS;LAUSANNE RAIL STATION;QLS;LAUSANNE;CH;SWITZERLAND;CH011
LSGC;ZHV;LES EPLATURES airport;ZHV;LES EPLATURES;CH;SWITZERLAND;CH024
LSFB;BSL;EUROAIRPORT BASEL;EAP;EUROAIRPORT;CH;SWITZERLAND;CH031
LSGG;GVA;GENEVA;GVA;GENEVA;CH;SWITZERLAND;CH013
LSZR;ACH;ALTENRHEIN;ACH;ALTENRHEIN;CH;SWITZERLAND;CH055
LSZA;LUG;LUGANO;LUG;LUGANO;CH;SWITZERLAND;CH070
KLUG;LUG;LUGANO;LUG;LUGANO;CH;SWITZERLAND;CH070
LFSB;MLH;EUROAIRPORT MULHOUSE;EAP;EUROAIRPORT;CH;SWITZERLAND;CH031
LSME;EML;EMMEN;EML;EMMEN;CH;SWITZERLAND;CH061
LSGS;SIR;SION;SIR;SION;CH;SWITZERLAND;CH012
LSZH;ZRH;ZURICH AIRPORT;ZRH;ZURICH;CH;SWITZERLAND;CH040
LSZD;ACO;ASCONA;ACO;ASCONA;CH;SWITZERLAND;CH070
LCEN;ECN;ERCAN;ECN;ERCAN;CY;CYPRUS;CY000
LCRA;AKT;AKROTIRI;AKT;AKROTIRI;CY;CYPRUS;CY000
LCCC;NIC;NICOSIA;NIC;NICOSIA;CY;CYPRUS;CY000
LCPH;PFO;PAPHOS;PFO;PAPHOS;CY;CYPRUS;CY000
LCLK;LCA;LARNACA;LCA;LARNACA;CY;CYPRUS;CY000
LKPR;PRG;PRAGUE;PRG;PRAGUE;CZ;CZECH REPUBLIC;CZ010
KPRG;PRG;PRAGUE;PRG;PRAGUE;CZ;CZECH REPUBLIC;CZ010
LKTB;BRQ;BRNO TURANY APT;BRQ;BRNO;CZ;CZECH REPUBLIC;CZ064
KMKA;MKA;MARIANSKE LAZNE;MKA;MARIANSKE LAZNE;CZ;CZECH REPUBLIC;CZ041
LKKV;KLV;KARLOVY VARY;KLV;KARLOVY VARY;CZ;CZECH REPUBLIC;CZ041
LKHO;GTW;ZLIN;GTW;ZLIN;CZ;CZECH REPUBLIC;CZ072
LKPD;PED;PARDUBICE;PED;PARDUBICE;CZ;CZECH REPUBLIC;CZ053
LKPO;PRV;PREROV;PRV;PREROV;CZ;CZECH REPUBLIC;CZ071
LKOL;OLO;OLOMOUC;OLO;OLOMOUC;CZ;CZECH REPUBLIC;CZ071
LKMT;OSR;OSTRAVA;OSR;OSTRAVA;CZ;CZECH REPUBLIC;CZ080
ETSF;FEL;FURSTENFELDBRUCK;FEL;FURSTENFELDBRUCK;DE;GERMANY;DE218
EDQM;HOQ;HOF;HOQ;HOF;DE;GERMANY;DE244
EDDL;DUS;DUSSELDORF RHEIN RUHR AIRPORT;DUS;DUSSELDORF;DE;GERMANY;DEA11
ETUO;GUT;GUTERSLOH;GUT;GUTERSLOH;DE;GERMANY;DEA42
EDRZ;ZQW;SAARBRUCKEN ZWEIBRUECKEN AIRPORT;SCN;SAARBRUCKEN;DE;GERMANY;DE218
EDWY;NRD;NORDERNEY;NRD;NORDERNEY;DE;GERMANY;DE947
ETID;ZNF;HANAU;ZNF;HANAU;DE;GERMANY;DE719
KQSM;QSM;UETERSEN OFF-LINE POINT;QSM;UETERSEN;DE;GERMANY;DEF09
EDLW;DTM;DORTMUND;DTM;DORTMUND;DE;GERMANY;DEA52
EDFH;HHN;FRANKFURT HAHN AIRPORT;FRA;FRANKFURT;DE;GERMANY;DE411
KBFE;BFE;BIELEFELD;BFE;BIELEFELD;DE;GERMANY;DEA41
EDWB;BRV;BREMERHAVEN;BRV;BREMERHAVEN;DE;GERMANY;DE502
EDLP;PAD;PADERBORN;PAD;PADERBORN;DE;GERMANY;DEA47
EDDH;HAM;HAMBURG FUHLSBUETTEL AIRPORT;HAM;HAMBURG;DE;GERMANY;DEE06
ETHF;FRZ;FRITZLAR;FRZ;FRITZLAR;DE;GERMANY;DE735
EDLN;MGL;DUSSELDORF MOENCHENGLADBACH;DUS;DUSSELDORF;DE;GERMANY;DEA11
EDIU;HDB;HEIDELBERG;HDB;HEIDELBERG;DE;GERMANY;DE125
ETNL;RLG;ROSTOCK-LAAGE;RLG;ROSTOCK-LAAGE;DE;GERMANY;DE809
EDDF;FRA;FRANKFURT INTERNATIONAL APT;FRA;FRANKFURT;DE;GERMANY;DE411
EDGS;SGE;SIEGEN;SGE;SIEGEN;DE;GERMANY;DEA5A
EDNY;FDH;FRIEDRICHSHAFEN;FDH;FRIEDRICHSHAFEN;DE;GERMANY;DE147
CZEE;ZEE;FULDA RAIL STATION;ZEE;FULDA;DE;GERMANY;DE732
KRBM;RBM;STRAUBING;RBM;STRAUBING;DE;GERMANY;DE223
EDDT;TXL;BERLIN TEGEL APT;BER;BERLIN;DE;GERMANY;DE300
EDRB;BBJ;BITBURG;BBJ;BITBURG;DE;GERMANY;DEB23
EDXO;PSH;ST PETER-ORDING;PSH;ST PETER-ORDING;DE;GERMANY;DE132
EDWL;LGO;LANGEOOG;LGO;LANGEOOG;DE;GERMANY;DE94H
EDQD;BYU;BAYREUTH;BYU;BAYREUTH;DE;GERMANY;DE242
EDDG;FMO;MUNSTER;FMO;MUNSTER;DE;GERMANY;DE938
EDCD;CBU;COTTBUS;CBU;COTTBUS;DE;GERMANY;DE422
EDMO;OBF;OBERPFAFFENHOFEN;OBF;OBERPFAFFENHOFEN;DE;GERMANY;DE244
ETHE;ZPQ;RHEINE;ZPQ;RHEINE;DE;GERMANY;DEA37
EDXB;HEI;HEIDE/BUESUM;HEI;HEIDE/BUESUM;DE;GERMANY;DEF05
EDDE;ERF;ERFURT;ERF;ERFURT;DE;GERMANY;DEG01
EDDR;SCN;SAARBRUCKEN ENSHEIM AIRPORT;SCN;SAARBRUCKEN;DE;GERMANY;DE218
ETHT;CBU;COTTBUS;CBU;COTTBUS;DE;GERMANY;DE422
ETOU;WIE;WIESBADEN AIR BASE;WIE;WIESBADEN AIR BASE;DE;GERMANY;DE139
ETAR;RMS;RAMSTEIN;RMS;RAMSTEIN;DE;GERMANY;DE258
KGWW;GWW;BERLIN ROYAL AIR FORCE GATOW;BER;BERLIN;DE;GERMANY;DE300
EDDC;DRS;DRESDEN;DRS;DRESDEN;DE;GERMANY;DED21
EDWG;AGE;WANGEROOGE;AGE;WANGEROOGE;DE;GERMANY;DE21B
EDKB;BNJ;COLOGNE BONN MAIN RAIL STATION;CGN;COLOGNE;DE;GERMANY;DEA23
EDRK;ZNV;KOBLENZ BUS STATION;ZNV;KOBLENZ;DE;GERMANY;DEB11
EDBH;BBH;BARTH;BBH;BARTH;DE;GERMANY;DE80D
EDDP;LEJ;LEIPZIG/HALLE;LEJ;LEIPZIG/HALLE;DE;GERMANY;DED31
EDLE;ESS;ESSEN;ESS;ESSEN;DE;GERMANY;DEA13
EDTL;LHA;LAHR;LHA;LAHR;DE;GERMANY;DEB23
EDMS;RBM;STRAUBING;RBM;STRAUBING;DE;GERMANY;DE223
EDAC;AOC;ALTENBURG;LEJ;LEIPZIG/HALLE;DE;GERMANY;DED31
EDXF;FLF;FLENSBURG;FLF;FLENSBURG;DE;GERMANY;DEF01
CZBD;ZBD;BAD BRAMBACH RAIL STATION;ZBD;BAD BRAMBACH;DE;GERMANY;DED17
EDHL;LBC;HAMBURG LUEBECK AIRPORT;HAM;HAMBURG;DE;GERMANY;DEE06
EDZE;ESS;ESSEN;ESS;ESSEN;DE;GERMANY;DEA13
EDLV;NRN;DUSSELDORF NIEDERRHEIN AIRPORT;DUS;DUSSELDORF;DE;GERMANY;DEA11
EDWR;BMK;BORKUM;BMK;BORKUM;DE;GERMANY;DE94C
EDDN;NUE;NUREMBERG APT;NUE;NUREMBERG;DE;GERMANY;DE249
CZSN;ZSN;STENDAL RAIL STATION;ZSN;STENDAL;DE;GERMANY;DEE0D
EDXH;HGL;HELGOLAND;HGL;HELGOLAND;DE;GERMANY;DEF09
ETUL;LRC;LAARBRUCH;LRC;LAARBRUCH;DE;GERMANY;DEB22
ETIE;QHD;HAHNWEIDE RAIL STATION;QHD;HAHNWEIDE;DE;GERMANY;DEB19
EDFV;ZQV;WORMS airport;ZQV;WORMS;DE;GERMANY;DEB39
KZEF;ZEF;FUERTH;ZEF;FUERTH;DE;GERMANY;DE715
KBMK;BMK;BORKUM;BMK;BORKUM;DE;GERMANY;DE94C
EDXW;GWT;WESTERLAND;GWT;WESTERLAND;DE;GERMANY;DEF07
EDFZ;QMZ;MAINZ RAIL STATION;QMZ;MAINZ;DE;GERMANY;DEB35
EDWE;EME;EMDEN;EME;EMDEN;DE;GERMANY;DEE07
ETNG;GKE;GEILENKIRCHEN;GKE;GEILENKIRCHEN;DE;GERMANY;DEA29
EDBM;ZMG;MAGDEBURG RAIL STATION;ZMG;MAGDEBURG;DE;GERMANY;DEE03
ETUR;BGN;BRUGGEN;BGN;BRUGGEN;DE;GERMANY;DE925
EDXY;OHR;WYK AUF FOHR;OHR;WYK AUF FOHR;DE;GERMANY;DE132
KPEF;PEF;PEENEMUENDE;PEF;PEENEMUENDE;DE;GERMANY;DE80F
EDDM;MUC;MUNICH INTERNATIONAL AIRPORT;MUC;MUNICH;DE;GERMANY;DE212
EDTF;QFB;FREIBURG RAIL STATION;QFB;FREIBURG;DE;GERMANY;DEE06
ETEB;QOB;ANSBACH OFF-LINE POINT;QOB;ANSBACH;DE;GERMANY;DE251
ETSM;QOX;MEMMINGEN OFF-LINE POINT;QOX;MEMMINGEN;DE;GERMANY;DE274
KNRN;NRN;DUSSELDORF NIEDERRHEIN AIRPORT;DUS;DUSSELDORF;DE;GERMANY;DEA11
EDFE;QEF;EGELSBACH;QEF;EGELSBACH;DE;GERMANY;DE71C
EDDK;CGN;COLOGNE/BONN K.A.APT;CGN;COLOGNE;DE;GERMANY;DEA23
EDVK;KSF;KASSEL;KSF;KASSEL;DE;GERMANY;DE731
EDDV;HAJ;HANOVER;HAJ;HANOVER;DE;GERMANY;DE929
ETUN;ZOW;NORDHORN;ZOW;NORDHORN;DE;GERMANY;DE94B
EDTO;ZPA;OFFENBURG RAIL STATION;ZPA;OFFENBURG;DE;GERMANY;DE134
EDLK;QKF;KREFELD OFF-LINE POINT;QKF;KREFELD;DE;GERMANY;DEA14
EDTB;ZCC;BADEN BADEN RAIL STATION;FKB;KARLSRUHE/BADEN BADEN;DE;GERMANY;DE122
EDML;QLG;LANDSHUT OFF-LINE PT;QLG;LANDSHUT;DE;GERMANY;DE221
EDDI;THF;BERLIN TEMPELHOF APT;BER;BERLIN;DE;GERMANY;DE300
ETHC;ZCN;CELLE;ZCN;CELLE;DE;GERMANY;DE931
EDHI;XFW;FINKENWERDER;XFW;FINKENWERDER;DE;GERMANY;DE80G
EDAH;HDF;HERINGSDORF;HDF;HERINGSDORF;DE;GERMANY;DE80F
EDDW;BRE;BREMEN;BRE;BREMEN;DE;GERMANY;DE501
EDJA;FMM;MEMMINGEN/ALLGAU airport;FMM;MEMMINGEN;DE;GERMANY;DE274
EDWJ;JUI;JUIST;JUI;JUIST;DE;GERMANY;DE947
EDMA;AGB;MUNICH AUGSBURG APT;MUC;MUNICH;DE;GERMANY;DE212
ETBA;AAH;AACHEN;AAH;AACHEN;DE;GERMANY;DEA21
EDRT;ZQF;TRIER;ZQF;TRIER;DE;GERMANY;DEB21
EDHK;KEL;KIEL;KEL;KIEL;DE;GERMANY;DEF02
KFNB;FNB;NEUBRANDENBURG;FNB;NEUBRANDENBURG;DE;GERMANY;DE802
EDOL;FRF;FRANKFURT RHEIN MAIN AFB;FRA;FRANKFURT;DE;GERMANY;DE411
KHEI;HEI;HEIDE/BUESUM;HEI;HEIDE/BUESUM;DE;GERMANY;DEF05
ETAD;SPM;SPANGDAHLEM;SPM;SPANGDAHLEM;DE;GERMANY;DEB23
EDDB;SXF;BERLIN SCHONEFELD APT;BER;BERLIN;DE;GERMANY;DE300
EDWD;XLW;LEMWERDER;XLW;LEMWERDER;DE;GERMANY;DE94G
ETEJ;ZCD;BAMBERG;ZCD;BAMBERG;DE;GERMANY;DE241
EDSB;FKB;KARLSRUHE/BADEN BADEN;FKB;KARLSRUHE/BADEN BADEN;DE;GERMANY;DE122
KNDZ;NDZ;NORDHOLZ-SPIEKA;NDZ;NORDHOLZ-SPIEKA;DE;GERMANY;DE932
EDDS;STR;STUTTGART ECHTERDINGEN APT;STR;STUTTGART;DE;GERMANY;DE111
ETNS;WBG;SCHLESWIG-JAQEL;WBG;SCHLESWIG-JAQEL;DE;GERMANY;DEF0C
EDFM;MHG;MANNHEIM;MHG;MANNHEIM;DE;GERMANY;DE126
EDKA;AAH;AACHEN;AAH;AACHEN;DE;GERMANY;DEA21
EDBG;GWW;BERLIN ROYAL AIR FORCE GATOW;BER;BERLIN;DE;GERMANY;DE300
EDVE;BWE;BRAUNSCHWEIG;BWE;BRAUNSCHWEIG;DE;GERMANY;DE911
ETAS;SEX;SEMBACH;SEX;SEMBACH;DE;GERMANY;DEB3F
EDTZ;QKZ;KONSTANZ OFF-LINE PT;QKZ;KONSTANZ;DE;GERMANY;DE138
EKYT;AAL;AALBORG AIRPORT;AAL;AALBORG;DK;DENMARK;DK050
EKLS;BYR;LAESO ISLAND;BYR;LAESO ISLAND;DK;DENMARK;DK050
EKRK;RKE;COPENHAGEN ROSKILDE APT;CPH;COPENHAGEN;DK;DENMARK;DK050
EKCH;CPH;KOBENHAVN/KASTRUP airport;CPH;COPENHAGEN;DK;DENMARK;DK011
EKBI;BLL;BILLUND;BLL;BILLUND;DK;DENMARK;DK032
EKOD;ODE;ODENSE AIRPORT;ODE;ODENSE;DK;DENMARK;DK050
EKAH;AAR;AARHUS;AAR;AARHUS;DK;DENMARK;DK042
EKSB;SGD;SONDERBORG AIRPORT;SGD;SONDERBORG;DK;DENMARK;DK050
EKMB;MRW;MARIBO;MRW;MARIBO;DK;DENMARK;DK050
EKRN;RNN;BORNHOLM airport;RNN;BORNHOLM;DK;DENMARK;DK014
EKSV;SQW;SKIVE;SQW;SKIVE;DK;DENMARK;DK041
EKTS;TED;THISTED;TED;THISTED;DK;DENMARK;DK050
EKVJ;STA;STAUNING;STA;STAUNING;DK;DENMARK;DK041
EKEB;EBJ;ESBJERG airport;EBJ;ESBJERG;DK;DENMARK;DK032
EKKA;KRP;KARUP airport;KRP;KARUP;DK;DENMARK;DK041
EKSP;SKS;VOJENS AIRPORT;SKS;VOJENS;DK;DENMARK;DK032
EETU;TAY;TARTU;TAY;TARTU;EE;ESTONIA;EE008
EEKE;URE;KURESSAARE;URE;KURESSAARE;EE;ESTONIA;EE004
EETN;TLL;TALLINN;TLL;TALLINN;EE;ESTONIA;EE001
EEPU;EPU;PARNU;EPU;PARNU;EE;ESTONIA;EE008
EETR;TAY;TARTU;TAY;TARTU;EE;ESTONIA;EE008
EEKA;KDL;KARDLA;KDL;KARDLA;EE;ESTONIA;EE008
LETO;TOJ;MADRID TORREJON AFB;MAD;MADRID;ES;SPAIN;ES300
KPMI;PMI;PALMA MALLORCA;PMI;PALMA MALLORCA;ES;SPAIN;ES620
LEVT;VIT;VITORIA;VIT;VITORIA;ES;SPAIN;ES611
GEML;MLN;MELILLA;MLN;MELILLA;ES;SPAIN;ES640
GCGM;GMZ;SAN SEBASTIAN DE LA GOMERA;GMZ;SAN SEBASTIAN DE LA GOMERA;ES;SPAIN;ES706
LERS;REU;REUS;REU;REUS;ES;SPAIN;ES514
LEVX;VGO;VIGO;VGO;VIGO;ES;SPAIN;ES114
LEJR;XRY;JEREZ DE LA FRONTERA;XRY;JEREZ DE LA FRONTERA;ES;SPAIN;ES612
LEGR;GRX;GRANADA;GRX;GRANADA;ES;SPAIN;ES614
KLCG;LCG;LA CORUNA;LCG;LA CORUNA;ES;SPAIN;ES111
LELC;MJV;MURCIA;MJV;MURCIA;ES;SPAIN;ES620
LEBZ;BJZ;BADAJOZ;BJZ;BADAJOZ;ES;SPAIN;ES431
LEST;SCQ;SANTIAGO DE COMPOSTELA;SCQ;SANTIAGO DE COMPOSTELA;ES;SPAIN;ES111
LEIB;IBZ;IBIZA;IBZ;IBIZA;ES;SPAIN;ES521
GCTS;TFS;TENERIFE SUR REINA SOFIA APT;TCI;TENERIFE;ES;SPAIN;ES709
LEMG;AGP;MALAGA;AGP;MALAGA;ES;SPAIN;ES617
GCXO;TFN;TENERIFE NORTE APT;TCI;TENERIFE;ES;SPAIN;ES709
LESA;SLM;SALAMANCA airport;SLM;SALAMANCA;ES;SPAIN;ES415
LEBB;BIO;BILBAO;BIO;BILBAO;ES;SPAIN;ES213
LELN;LCG;LA CORUNA;LCG;LA CORUNA;ES;SPAIN;ES111
LEGE;GRO;GERONA;BCN;BARCELONA;ES;SPAIN;ES511
LEVC;VLC;VALENCIA;VLC;VALENCIA;ES;SPAIN;ES523
LELL;QSA;SABADELL OFF-LINE PT;QSA;SABADELL;ES;SPAIN;ES511
LEAL;ALC;ALICANTE;ALC;ALICANTE;ES;SPAIN;ES521
KVLL;VLL;VALLADOLID;VLL;VALLADOLID;ES;SPAIN;ES418
LEZG;ZAZ;ZARAGOZA;ZAZ;ZARAGOZA;ES;SPAIN;ES243
LEPA;PMI;PALMA MALLORCA;PMI;PALMA MALLORCA;ES;SPAIN;ES620
KFES;FES;SAN FERNANDO;FES;SAN FERNANDO;ES;SPAIN;ES612
LEAB;ABC;ALBACETE;ABC;ALBACETE;ES;SPAIN;ES421
LEMO;OZP;MORON;OZP;MORON;ES;SPAIN;ES415
LEPP;PNA;PAMPLONA;PNA;PAMPLONA;ES;SPAIN;ES220
LEAS;OVD;ASTURIAS;OVD;ASTURIAS;ES;SPAIN;ES120
LEBA;ODB;CORDOBA;ODB;CORDOBA;ES;SPAIN;ES613
LESO;EAS;SAN SEBASTIAN;EAS;SAN SEBASTIAN;ES;SPAIN;ES212
GCRR;ACE;LANZAROTE;ACE;LANZAROTE;ES;SPAIN;ES708
GCLA;SPC;SANTA CRUZ DE LA PALMA;SPC;SANTA CRUZ DE LA PALMA;ES;SPAIN;ES707
LEXJ;SDR;SANTANDER;SDR;SANTANDER;ES;SPAIN;ES130
GCHI;VDE;VALVERDE;VDE;VALVERDE;ES;SPAIN;ES703
GCLP;LPA;LAS PALMAS;LPA;LAS PALMAS;ES;SPAIN;ES705
LEZL;SVQ;SEVILLE;SVQ;SEVILLE;ES;SPAIN;ES425
KPNA;PNA;PAMPLONA;PNA;PAMPLONA;ES;SPAIN;ES220
LECO;LCG;LA CORUNA;LCG;LA CORUNA;ES;SPAIN;ES111
LEMH;MAH;MENORCA;MAH;MENORCA;ES;SPAIN;ES533
LEAM;LEI;ALMERIA;LEI;ALMERIA;ES;SPAIN;ES611
GCFV;FUE;FUERTEVENTURA;FUE;FUERTEVENTURA;ES;SPAIN;ES704
LEMD;MAD;MADRID BARAJAS APT;MAD;MADRID;ES;SPAIN;ES300
LEVD;VLL;VALLADOLID;VLL;VALLADOLID;ES;SPAIN;ES418
LEBL;BCN;BARCELONA APT;BCN;BARCELONA;ES;SPAIN;ES511
EFYL;YLI;YLIVIESKA;YLI;YLIVIESKA;FI;FINLAND;FI1A2
EFKS;KAO;KUUSAMO;KAO;KUUSAMO;FI;FINLAND;FI1A2
KRVN;RVN;ROVANIEMI;RVN;ROVANIEMI;FI;FINLAND;FI1A3
EFHV;HYV;HYVINKAA;HYV;HYVINKAA;FI;FINLAND;FI181
EFTP;TMP;TAMPERE;TMP;TAMPERE;FI;FINLAND;FI192
EFSO;SOT;SODANKYLA;SOT;SODANKYLA;FI;FINLAND;FI1A3
EFRN;RVN;ROVANIEMI;RVN;ROVANIEMI;FI;FINLAND;FI1A3
EFKU;KUO;KUOPIO;KUO;KUOPIO;FI;FINLAND;FI132
EFHK;HEL;HELSINKI;HEL;HELSINKI;FI;FINLAND;FI181
EFKK;KOK;KOKKOLA/PIETARSAARI;KOK;KOKKOLA/PIETARSAARI;FI;FINLAND;FI1A1
EFHA;KEV;KUOREVESI;KEV;KUOREVESI;FI;FINLAND;FI193
EFOU;OUL;OULU;OUL;OULU;FI;FINLAND;FI1A2
EFLP;LPP;LAPPEENRANTA;LPP;LAPPEENRANTA;FI;FINLAND;FI187
EFLA;QLF;LAHTI OFF-LINE PT;QLF;LAHTI;FI;FINLAND;FI185
EFSA;SVL;SAVONLINNA;SVL;SAVONLINNA;FI;FINLAND;FI131
EFRO;RVN;ROVANIEMI;RVN;ROVANIEMI;FI;FINLAND;FI1A3
EFPO;POR;PORI;POR;PORI;FI;FINLAND;FI191
EFKE;KEM;KEMI/TORNIO;KEM;KEMI/TORNIO;FI;FINLAND;FI1A3
EFVR;VRK;VARKAUS;VRK;VARKAUS;FI;FINLAND;FI132
EFHF;HEM;HELSINKI-MALMI airport;HEM;HELSINKI;FI;FINLAND;FI181
EFVA;VAA;VAASA;VAA;VAASA;FI;FINLAND;FI195
EFKT;KTT;KITTILA;KTT;KITTILA;FI;FINLAND;FI1A3
EFJO;JOE;JOENSUU;JOE;JOENSUU;FI;FINLAND;FI133
EFMI;MIK;MIKKELI;MIK;MIKKELI;FI;FINLAND;FI131
EFKI;KAJ;KAJAANI;KAJ;KAJAANI;FI;FINLAND;FI134
EFET;ENF;ENONTEKIO;ENF;ENONTEKIO;FI;FINLAND;FI133
EFJY;JYV;JYVASKYLA;JYV;JYVASKYLA;FI;FINLAND;FI193
EFTU;TKU;TURKU;TKU;TURKU;FI;FINLAND;FI183
EFMA;MHQ;MARIEHAMN;MHQ;MARIEHAMN;FI;FINLAND;FI200
EFIV;IVL;IVALO;IVL;IVALO;FI;FINLAND;FI1A3
EFKA;KAU;KAUHAVA;KAU;KAUHAVA;FI;FINLAND;FI194
EFFO;QVE;FORSSA OFF-LINE POINT;QVE;FORSSA;FI;FINLAND;FI184
EFSI;SJY;SEINAJOKI;SJY;SEINAJOKI;FI;FINLAND;FI194
LFRO;LAI;LANNION;LAI;LANNION;FR;FRANCE;FR521
LFLX;CHR;CHATEAUROUX;CHR;CHATEAUROUX;FR;FRANCE;FR815
LFCE;XGT;GUERET OFF-LINE PT;XGT;GUERET;FR;FRANCE;FR524
LFSG;EPL;EPINAL;EPL;EPINAL;FR;FRANCE;FR433
LFBL;LIG;LIMOGES;LIG;LIMOGES;FR;FRANCE;FR633
LFOP;URO;ROUEN;URO;ROUEN;FR;FRANCE;FR232
LFPB;LBG;PARIS LE BOURGET APT;PAR;PARIS;FR;FRANCE;FR101
LFBY;XDA;DAX OFF-LINE PT;XDA;DAX;FR;FRANCE;FR613
LFBH;LRH;LA ROCHELLE;LRH;LA ROCHELLE;FR;FRANCE;FR433
LFRB;BES;BREST;BES;BREST;FR;FRANCE;FR522
LFSR;RHE;REIMS;RHE;REIMS;FR;FRANCE;FR213
LFAG;XSJ;ST QUENTIN OFF-LINE PT;XSJ;ST QUENTIN;FR;FRANCE;FR221
LFMH;EBU;ST ETIENNE;EBU;ST ETIENNE;FR;FRANCE;FR715
LFPO;ORY;PARIS ORLY APT;PAR;PARIS;FR;FRANCE;FR101
LFDS;XSL;SARLAT OFF-LINE PT;XSL;SARLAT;FR;FRANCE;FR611
LFRQ;UIP;QUIMPER;UIP;QUIMPER;FR;FRANCE;FR522
LFGJ;DLE;DOLE;DLE;DOLE;FR;FRANCE;FR432
LFRK;CFR;CAEN;CFR;CAEN;FR;FRANCE;FR251
LFSA;QBQ;BESANCON OFF-LINE POINT;QBQ;BESANCON;FR;FRANCE;FR431
LFMU;BZR;BEZIERS;BZR;BEZIERS;FR;FRANCE;FR822
LFAT;LTQ;LE TOUQUET;LTQ;LE TOUQUET;FR;FRANCE;FR302
LFST;SXB;STRASBOURG ENTZHEIM AIRPORT;SXB;STRASBOURG;FR;FRANCE;FR421
LFCK;DCM;CASTRES;DCM;CASTRES;FR;FRANCE;FR627
LFCI;LBI;ALBI;LBI;ALBI;FR;FRANCE;FR627
LFRM;LME;LE MANS ARNAGE AIRPORT;LME;LE MANS;FR;FRANCE;FR514
LFBD;BOD;BORDEAUX AIRPORT;BOD;BORDEAUX;FR;FRANCE;FR612
LFKJ;AJA;AJACCIO;AJA;AJACCIO;FR;FRANCE;FR831
LFOT;TUF;TOURS ST SYMPHORIEN AIRPORT;TUF;TOURS;FR;FRANCE;FR244
LFOE;EVX;EVREUX;EVX;EVREUX;FR;FRANCE;FR232
KORE;ORE;ORLEANS;ORE;ORLEANS;FR;FRANCE;FR246
LFAC;CQF;CALAIS MARCK APT;CQF;CALAIS;FR;FRANCE;FR302
LFLV;VHY;VICHY;VHY;VICHY;FR;FRANCE;FR721
LFTU;XSK;ST RAPHAEL OFF-LINE PT;XSK;ST RAPHAEL;FR;FRANCE;FR825
KCMR;CMR;COLMAR;CMR;COLMAR;FR;FRANCE;FR422
LFMD;CEQ;CANNES MANDELIEU;CEQ;CANNES;FR;FRANCE;FR823
KANE;ANE;ANGERS MARCE AIRPORT;ANE;ANGERS;FR;FRANCE;FR512
LFRH;LRT;LORIENT;LRT;LORIENT;FR;FRANCE;FR524
LFTW;FNI;NIMES;FNI;NIMES;FR;FRANCE;FR812
LFCR;RDZ;RODEZ;RDZ;RODEZ;FR;FRANCE;FR622
LFTH;XHE;HYERES OFF-LINE PT;XHE;HYERES;FR;FRANCE;FR223
LFQI;XCB;CAMBRAI OFF-LINE PT;XCB;CAMBRAI;FR;FRANCE;FR301
LFPN;TNF;TOUSSUS-LE-NOBLE;TNF;TOUSSUS-LE-NOBLE;FR;FRANCE;FR103
LFHS;XBK;BOURG EN BRESSE OFF-LINE PT;XBK;BOURG EN BRESSE;FR;FRANCE;FR815
LFDM;XMR;MARMANDE OFF-LINE PT;XMR;MARMANDE;FR;FRANCE;FR614
LFLC;CFE;CLERMONT-FERRAND;CFE;CLERMONT-FERRAND;FR;FRANCE;FR724
LFKF;FSC;FIGARI;FSC;FIGARI;FR;FRANCE;FR831
LFOB;BVA;PARIS BEAUVAIS-TILLE AIRPORT;PAR;PARIS;FR;FRANCE;FR101
LFBU;ANG;ANGOULEME;ANG;ANGOULEME;FR;FRANCE;FR531
LFOI;XAB;ABBEVILLE OFF-LINE PT;XAB;ABBEVILLE;FR;FRANCE;FR223
LFRJ;LDV;LANDIVISIAU;LDV;LANDIVISIAU;FR;FRANCE;FR522
LFHU;AHZ;ALPE D'HUEZ;AHZ;ALPE D'HUEZ;FR;FRANCE;FR714
LFAY;QAM;AMIENS OFF-LINE POINT;QAM;AMIENS;FR;FRANCE;FR223
LFRD;DNR;DINARD;DNR;DINARD;FR;FRANCE;FR523
LFMO;XOG;ORANGE OFF-LINE PT;XOG;ORANGE;FR;FRANCE;FR826
KXME;XME;MAUBEUGE OFF-LINE PT;XME;MAUBEUGE;FR;FRANCE;FR301
LFBO;TLS;TOULOUSE BLAGNAC APT;TLS;TOULOUSE;FR;FRANCE;FR623
KBVE;BVE;BRIVE-LA-GAILLARDE;BVE;BRIVE-LA-GAILLARDE;FR;FRANCE;FR631
LFCA;XCX;CHATELLERAULT OFF-LINE PT;XCX;CHATELLERAULT;FR;FRANCE;FR223
LFRS;NTE;NANTES ATLANTIQUE AIRPORT;NTE;NANTES;FR;FRANCE;FR511
LFLY;LYN;LYON BRON APT;LYS;LYON;FR;FRANCE;FR716
KXMR;XMR;MARMANDE OFF-LINE PT;XMR;MARMANDE;FR;FRANCE;FR614
LFRU;MXN;MORLAIX;MXN;MORLAIX;FR;FRANCE;FR522
LFKB;BIA;BASTIA;BIA;BASTIA;FR;FRANCE;FR832
LFDB;XMW;MONTAUBAN OFF-LINE PT;XMW;MONTAUBAN;FR;FRANCE;FR628
LFLA;AUF;AUXERRE;AUF;AUXERRE;FR;FRANCE;FR264
LFQV;XCZ;CHARLEVILLE MEZIERES OFF-LINE PT;XCZ;CHARLEVILLE MEZIERES;FR;FRANCE;FR222
LFJL;ETZ;METZ/NANCY;ETZ;METZ/NANCY;FR;FRANCE;FR223
LFQG;NVS;NEVERS;NVS;NEVERS;FR;FRANCE;FR262
LFCC;ZAO;CAHORS;ZAO;CAHORS;FR;FRANCE;FR625
KXBP;XBP;LA BAULE LES PINS OFF-LINE PT;XBP;LA BAULE LES PINS;FR;FRANCE;FR433
LFHY;XMU;MOULIN SUR ALLIER OFF-LINE PT;XMU;MOULIN SUR ALLIER;FR;FRANCE;FR815
LFLW;AUR;AURILLAC;AUR;AURILLAC;FR;FRANCE;FR722
LFLN;SYT;ST YAN;SYT;ST YAN;FR;FRANCE;FR223
LFMK;CCF;CARCASSONNE;CCF;CARCASSONNE;FR;FRANCE;FR811
LFQQ;LIL;LILLE LESQUIN AIRPORT;LIL;LILLE;FR;FRANCE;FR301
LFBV;BVE;BRIVE-LA-GAILLARDE;BVE;BRIVE-LA-GAILLARDE;FR;FRANCE;FR631
LFPT;POX;PARIS CERGY PONTOISE AIRPORT;PAR;PARIS;FR;FRANCE;FR101
LFDI;XLR;LIBOURNE OFF-LINE PT;XLR;LIBOURNE;FR;FRANCE;FR612
LFBK;MCU;MONTLUCON;MCU;MONTLUCON;FR;FRANCE;FR263
LFBG;CNG;COGNAC;CNG;COGNAC;FR;FRANCE;FR531
LFSQ;BOR;BELFORT;BOR;BELFORT;FR;FRANCE;FR434
LFIO;XYT;TOULOUSE MONTAUDRAN APT;TLS;TOULOUSE;FR;FRANCE;FR623
LFBX;PGX;PERIGUEUX;PGX;PERIGUEUX;FR;FRANCE;FR232
LFMI;QIE;ISTRES OFF-LINE POINT;QIE;ISTRES;FR;FRANCE;FR824
LFLP;NCY;ANNECY;NCY;ANNECY;FR;FRANCE;FR718
LFBM;XMJ;MONT DE MARSAN OFF-LINE PT;XMJ;MONT DE MARSAN;FR;FRANCE;FR263
LFSD;DIJ;DIJON;DIJ;DIJON;FR;FRANCE;FR261
LFCH;XAC;ARCACHON OFF-LINE PT;XAC;ARCACHON;FR;FRANCE;FR612
LFRA;ANE;ANGERS MARCE AIRPORT;ANE;ANGERS;FR;FRANCE;FR512
LFMV;AVN;AVIGNON CAUMONT AIRPORT;AVN;AVIGNON;FR;FRANCE;FR826
LFOF;XAN;ALENCON OFF-LINE PT;XAN;ALENCON;FR;FRANCE;FR723
LFLS;GNB;LYON GRENOBLE SAINT GEOIRS APT;LYS;LYON;FR;FRANCE;FR716
LFLJ;CVF;COURCHEVEL;CVF;COURCHEVEL;FR;FRANCE;FR815
LFHP;LPY;LE PUY;LPY;LE PUY;FR;FRANCE;FR612
LFAD;XCP;COMPIEGNE OFF-LINE PT;XCP;COMPIEGNE;FR;FRANCE;FR222
LFMT;MPL;MONTPELLIER MEDITERRANEE APT;MPL;MONTPELLIER;FR;FRANCE;FR813
LFAF;XLN;LAON OFF-LINE PT;XLN;LAON;FR;FRANCE;FR221
LFDT;XTB;TARBES OFF-LINE PT;XTB;TARBES;FR;FRANCE;FR626
LFPC;CSF;CREIL;CSF;CREIL;FR;FRANCE;FR222
LFCY;RYN;ROYAN;RYN;ROYAN;FR;FRANCE;FR532
LFLL;LYS;LYON SAINT EXUPERY APT;LYS;LYON;FR;FRANCE;FR716
LFBE;EGC;BERGERAC;EGC;BERGERAC;FR;FRANCE;FR611
LFBI;PIS;POITIERS BIARD AIRPORT;PIS;POITIERS;FR;FRANCE;FR534
LFRN;RNS;RENNES ST JACQUES AIRPORT;RNS;RENNES;FR;FRANCE;FR523
LFBZ;BIQ;BIARRITZ;BIQ;BIARRITZ;FR;FRANCE;FR615
LFSW;XEP;EPERNAY OFF-LINE PT;XEP;EPERNAY;FR;FRANCE;FR223
KDNR;DNR;DINARD;DNR;DINARD;FR;FRANCE;FR523
LFNB;MEN;MENDE;MEN;MENDE;FR;FRANCE;FR814
LFOJ;ORE;ORLEANS;ORE;ORLEANS;FR;FRANCE;FR246
LFRG;DOL;DEAUVILLE;DOL;DEAUVILLE;FR;FRANCE;FR251
LFMA;QXB;AIX-EN-PROVENCE RAIL STATION;QXB;AIX-EN-PROVENCE;FR;FRANCE;FR824
LFOH;LEH;LE HAVRE;LEH;LE HAVRE;FR;FRANCE;FR232
LFBT;LDE;LOURDES/TARBES;LDE;LOURDES/TARBES;FR;FRANCE;FR815
LFRI;EDM;LA ROCHE SUR YON;EDM;LA ROCHE SUR YON;FR;FRANCE;FR223
LFLH;XCD;CHALON SUR SAONE OFF-LINE PT;XCD;CHALON SUR SAONE;FR;FRANCE;FR815
LFHV;XVF;VILLEFRANCHE SUR SAONE OFF-LINE PT;XVF;VILLEFRANCHE SUR SAONE;FR;FRANCE;FR264
LFMP;PGF;PERPIGNAN;PGF;PERPIGNAN;FR;FRANCE;FR815
KRYN;RYN;ROYAN;RYN;ROYAN;FR;FRANCE;FR532
LFAB;DPE;DIEPPE;DPE;DIEPPE;FR;FRANCE;FR232
LFBA;AGF;AGEN;AGF;AGEN;FR;FRANCE;FR614
LFTZ;LTT;ST TROPEZ;LTT;ST TROPEZ;FR;FRANCE;FR825
LFBN;NIT;NIORT;NIT;NIORT;FR;FRANCE;FR533
LFLB;CMF;CHAMBERY;CMF;CHAMBERY;FR;FRANCE;FR223
KGNB;GNB;LYON GRENOBLE SAINT GEOIRS APT;LYS;LYON;FR;FRANCE;FR716
LFLQ;XMK;MONTELIMAR OFF-LINE PT;XMK;MONTELIMAR;FR;FRANCE;FR263
LFPG;CDG;PARIS CHARLES DE GAULLE APT;PAR;PARIS;FR;FRANCE;FR101
LFDN;RCO;ROCHEFORT;RCO;ROCHEFORT;FR;FRANCE;FR717
LFRV;VNE;VANNES;VNE;VANNES;FR;FRANCE;FR524
LFMN;NCE;NICE;NCE;NICE;FR;FRANCE;FR823
LFRC;CER;CHERBOURG;CER;CHERBOURG;FR;FRANCE;FR815
LFRZ;SNR;ST NAZAIRE;SNR;ST NAZAIRE;FR;FRANCE;FR211
LFBP;PUF;PAU;PUF;PAU;FR;FRANCE;FR615
LFAK;XDK;DUNKERQUE OFF-LINE PT;XDK;DUNKERQUE;FR;FRANCE;FR301
LFLD;BOU;BOURGES;BOU;BOURGES;FR;FRANCE;FR241
LFKC;CLY;CALVI;CLY;CALVI;FR;FRANCE;FR832
KRNE;RNE;ROANNE;RNE;ROANNE;FR;FRANCE;FR715
LFML;MRS;MARSEILLE PROVENCE APT;MRS;MARSEILLE;FR;FRANCE;FR824
EGNX;EMA;NOTTINGHAM EAST MIDLANDS AIRPORT;NQT;NOTTINGHAM;GB;UNITED KINGDOM;UKK41
KJER;JER;JERSEY;JER;JERSEY;GB;UNITED KINGDOM;UKD42
EGQJ;GQJ;MACHRIHANISH;GQJ;MACHRIHANISH;GB;UNITED KINGDOM;UKM63
KSOY;SOY;STRONSAY;SOY;STRONSAY;GB;UNITED KINGDOM;UKM65
EGNV;MME;TEESSIDE;MME;TEESSIDE;GB;UNITED KINGDOM;UKC12
EGPH;EDI;EDINBURGH;EDI;EDINBURGH;GB;UNITED KINGDOM;UKM38
EGNC;CAX;CARLISLE;CAX;CARLISLE;GB;UNITED KINGDOM;UKD12
EGDG;NQY;NEWQUAY;NQY;NEWQUAY;GB;UNITED KINGDOM;UKK30
EGUA;UHF;UPPER HEYFORD;UHF;UPPER HEYFORD;GB;UNITED KINGDOM;UKF23
EGQB;BOL;BALLY KELLY;BOL;BALLY KELLY;GB;UNITED KINGDOM;UKN05
KCBG;CBG;CAMBRIDGE;CBG;CAMBRIDGE;GB;UNITED KINGDOM;UKD53
EGPN;DND;DUNDEE;DND;DUNDEE;GB;UNITED KINGDOM;UKM21
EGEN;NRL;NORTH RONALDSAY;NRL;NORTH RONALDSAY;GB;UNITED KINGDOM;UKN04
EGTK;OXF;OXFORD;OXF;OXFORD;GB;UNITED KINGDOM;UKJ33
EGSH;NWI;NORWICH;NWI;NORWICH;GB;UNITED KINGDOM;UKH13
KXVG;XVG;DARLINGTON RAIL STATION;XVG;DARLINGTON;GB;UNITED KINGDOM;UKC13
EGPA;KOI;KIRKWALL;KOI;KIRKWALL;GB;UNITED KINGDOM;UKM65
EGBN;NQT;NOTTINGHAM AIRPORT;NQT;NOTTINGHAM;GB;UNITED KINGDOM;UKK41
EGHL;QLA;LASHAM OFF-LINE PT;QLA;LASHAM;GB;UNITED KINGDOM;UKK41
EGXC;QCY;CONINGSBY OFF-LINE POINT;QCY;CONINGSBY;GB;UNITED KINGDOM;UKF30
EGLC;LCY;LONDON CITY APT;LON;LONDON;GB;UNITED KINGDOM;UKL11
EGFE;HAW;HAVERFORDWEST;HAW;HAVERFORDWEST;GB;UNITED KINGDOM;UKN04
EGQS;LMO;LOSSIEMOUTH;LMO;LOSSIEMOUTH;GB;UNITED KINGDOM;UKM62
EGPL;BEB;BENBECULA;BEB;BENBECULA;GB;UNITED KINGDOM;UKM64
EGJA;ACI;ALDERNEY;ACI;ALDERNEY;GB;UNITED KINGDOM;UKK21
EGEP;PPW;PAPA WESTRAY;PPW;PAPA WESTRAY;GB;UNITED KINGDOM;UKN04
EGSY;SZD;SHEFFIELD;SZD;SHEFFIELD;GB;UNITED KINGDOM;UKE32
EGKB;BQH;LONDON BIGGIN HILL APT;LON;LONDON;GB;UNITED KINGDOM;UKL11
EGHJ;BBP;BEMBRIDGE;BBP;BEMBRIDGE;GB;UNITED KINGDOM;UKJ42
EGVJ;BWY;WOODBRIDGE;BWY;WOODBRIDGE;GB;UNITED KINGDOM;UKJ42
KSWI;SWI;SWINDON;SWI;SWINDON;GB;UNITED KINGDOM;UKK13
EGMD;LYX;LYDD;LYX;LYDD;GB;UNITED KINGDOM;UKJ42
EGEC;CAL;CAMPBELTOWN;CAL;CAMPBELTOWN;GB;UNITED KINGDOM;UKM63
EGPB;LSI;SHETLAND ISLANDS SUMBURGH APT;SDZ;SHETLAND ISLANDS;GB;UNITED KINGDOM;UKN01
EGGD;BRS;BRISTOL;BRS;BRISTOL;GB;UNITED KINGDOM;UKK11
KXNO;XNO;NORTHALLERTON RAIL STATION;XNO;NORTHALLERTON;GB;UNITED KINGDOM;UKN04
EGBJ;GLO;GLOUCESTER;GLO;GLOUCESTER;GB;UNITED KINGDOM;UKK11
EGPU;TRE;TIREE;TRE;TIREE;GB;UNITED KINGDOM;UKM63
EGHH;BOH;BOURNEMOUTH;BOH;BOURNEMOUTH;GB;UNITED KINGDOM;UKH12
EGVO;ODH;ODIHAM;ODH;ODIHAM;GB;UNITED KINGDOM;UKJ33
EGUN;MHZ;MILDENHALL APT;MHZ;MILDENHALL;GB;UNITED KINGDOM;UKH14
EGET;LWK;SHETLAND ISLANDS LERWICK/TINGWALL APT;SDZ;SHETLAND ISLANDS;GB;UNITED KINGDOM;UKN01
EGHD;PLH;PLYMOUTH;PLH;PLYMOUTH;GB;UNITED KINGDOM;UKL22
EGLL;LHR;LONDON HEATHROW APT;LON;LONDON;GB;UNITED KINGDOM;UKL11
EGSC;CBG;CAMBRIDGE;CBG;CAMBRIDGE;GB;UNITED KINGDOM;UKD53
EGAE;LDY;LONDONDERRY;LDY;LONDONDERRY;GB;UNITED KINGDOM;UKN04
EGPF;GLA;GLASGOW INTERNATIONAL AIRPORT;GLA;GLASGOW;GB;UNITED KINGDOM;UKM34
KNDY;NDY;SANDAY;NDY;SANDAY;GB;UNITED KINGDOM;UKM65
EGNT;NCL;NEWCASTLE;NCL;NEWCASTLE;GB;UNITED KINGDOM;UKL17
EGGP;LPL;LIVERPOOL;LPL;LIVERPOOL;GB;UNITED KINGDOM;UKD52
EGKK;LGW;LONDON GATWICK APT;LON;LONDON;GB;UNITED KINGDOM;UKL11
EGJJ;JER;JERSEY;JER;JERSEY;GB;UNITED KINGDOM;UKD42
EGDY;YEO;YEOVILTON;YEO;YEOVILTON;GB;UNITED KINGDOM;UKK43
KPIK;PIK;GLASGOW PRESTWICK APT;GLA;GLASGOW;GB;UNITED KINGDOM;UKM34
EGAC;BHD;BELFAST CITY APT;BFS;BELFAST;GB;UNITED KINGDOM;UKN01
EGPD;ABZ;ABERDEEN;ABZ;ABERDEEN;GB;UNITED KINGDOM;UKM50
EGDL;LYE;LYNEHAM;LYE;LYNEHAM;GB;UNITED KINGDOM;UKK15
EGNR;CEG;CHESTER;CEG;CHESTER;GB;UNITED KINGDOM;UKN01
EGPW;UNT;UNST;UNT;UNST;GB;UNITED KINGDOM;UKM66
EPGM;SCS;SHETLAND ISLANDS SCATSTA APT;SDZ;SHETLAND ISLANDS;GB;UNITED KINGDOM;UKN01
EGQL;ADX;ST ANDREWS;ADX;ST ANDREWS;GB;UNITED KINGDOM;UKH33
EGWU;NHT;NORTHOLT;NHT;NORTHOLT;GB;UNITED KINGDOM;UKN04
EGNH;BLK;BLACKPOOL;BLK;BLACKPOOL;GB;UNITED KINGDOM;UKD42
EGAA;BFS;BELFAST INTERNATIONAL APT;BFS;BELFAST;GB;UNITED KINGDOM;UKN01
EGMC;SEN;SOUTHEND;SEN;SOUTHEND;GB;UNITED KINGDOM;UKN04
EGBB;BHX;BIRMINGHAM INTERNATIONAL AIRPORT;BHX;BIRMINGHAM;GB;UNITED KINGDOM;UKK41
KTSO;TSO;ISLES OF SCILLY TRESCO APT;ISC;ISLES OF SCILLY;GB;UNITED KINGDOM;
EGCC;MAN;MANCHESTER INTERNATIONAL APT;MAN;MANCHESTER;GB;UNITED KINGDOM;UKH12
PACL;CLF;COLTISHALL OFF-LINE PT;CLF;COLTISHALL;GB;UNITED KINGDOM;UKH13
EGPM;SCS;SHETLAND ISLANDS SCATSTA APT;SDZ;SHETLAND ISLANDS;GB;UNITED KINGDOM;UKN01
EGHK;PZE;PENZANCE;PZE;PENZANCE;GB;UNITED KINGDOM;UKK30
EGUB;BEX;BENSON;BEX;BENSON;GB;UNITED KINGDOM;UKJ14
EGPK;PIK;GLASGOW PRESTWICK APT;GLA;GLASGOW;GB;UNITED KINGDOM;UKM34
EGNS;IOM;ISLE OF MAN;IOM;ISLE OF MAN;GB;UNITED KINGDOM;n/a
KHRT;HRT;HARROGATE;HRT;HARROGATE;GB;UNITED KINGDOM;UKJ24
EGEO;OBN;OBAN CONNEL APT;OBN;OBAN;GB;UNITED KINGDOM;UKM63
EGKA;ESH;SHOREHAM BY SEA;ESH;SHOREHAM BY SEA;GB;UNITED KINGDOM;UKK41
EGHI;SOU;SOUTHAMPTON;SOU;SOUTHAMPTON;GB;UNITED KINGDOM;UKN04
EGCN;DSA;DONCASTER SHEFFIELD airport;DSA;DONCASTER;GB;UNITED KINGDOM;UKE31
EGNL;BWF;BARROW-IN-FURNESS;BWF;BARROW-IN-FURNESS;GB;UNITED KINGDOM;UKH14
EGFH;SWS;SWANSEA;SWS;SWANSEA;GB;UNITED KINGDOM;UKL18
EGKR;KRH;REDHILL OFF-LINE PT;KRH;REDHILL;GB;UNITED KINGDOM;UKC23
EGNJ;HUY;HUMBERSIDE;HUY;HUMBERSIDE;GB;UNITED KINGDOM;UKE11
EGTH;HTF;HATFIELD;HTF;HATFIELD;GB;UNITED KINGDOM;UKE31
KLSF;LSI;SHETLAND ISLANDS SUMBURGH APT;SDZ;SHETLAND ISLANDS;GB;UNITED KINGDOM;UKN01
EGSE;IPW;IPSWICH;IPW;IPSWICH;GB;UNITED KINGDOM;UKH14
EGDB;PLH;PLYMOUTH;PLH;PLYMOUTH;GB;UNITED KINGDOM;UKL22
EGUY;QUY;WYTON OFF-LINE PT;QUY;WYTON;GB;UNITED KINGDOM;UKH12
EGLF;FAB;FARNBOROUGH;FAB;FARNBOROUGH;GB;UNITED KINGDOM;UKI22
EGPO;SYY;STORNOWAY;SYY;STORNOWAY;GB;UNITED KINGDOM;UKK43
KXVW;XVW;WOLVERHAMPTON RAIL STATION;XVW;WOLVERHAMPTON;GB;UNITED KINGDOM;UKK41
EGYC;CLF;COLTISHALL OFF-LINE PT;CLF;COLTISHALL;GB;UNITED KINGDOM;UKH13
EGFF;CWL;CARDIFF;CWL;CARDIFF;GB;UNITED KINGDOM;UKK13
EGGW;LTN;LONDON LUTON APT;LON;LONDON;GB;UNITED KINGDOM;UKL11
EGJB;GCI;GUERNSEY;GCI;GUERNSEY;GB;UNITED KINGDOM;n/a
KBBP;BBP;BEMBRIDGE;BBP;BEMBRIDGE;GB;UNITED KINGDOM;UKJ42
EGUH;HYC;HIGH WYCOMBE;HYC;HIGH WYCOMBE;GB;UNITED KINGDOM;UKJ13
EGPR;BRR;BARRA;BRR;BARRA;GB;UNITED KINGDOM;UKM64
EGPE;INV;INVERNESS;INV;INVERNESS;GB;UNITED KINGDOM;UKN05
KFOA;FOA;FOULA;FOA;FOULA;GB;UNITED KINGDOM;UKM66
EGSS;STN;LONDON STANSTED APT;LON;LONDON;GB;UNITED KINGDOM;UKL11
EGTE;EXT;EXETER;EXT;EXETER;GB;UNITED KINGDOM;UKK43
EGNM;LBA;LEEDS BRADFORD;LBA;LEEDS BRADFORD;GB;UNITED KINGDOM;UKJ42
EGHE;ISC;ISLES OF SCILLY ST MARY'S APT;ISC;ISLES OF SCILLY;GB;UNITED KINGDOM;UKK43
KSZD;SZD;SHEFFIELD;SZD;SHEFFIELD;GB;UNITED KINGDOM;UKE32
EGBK;ORM;NORTHAMPTON;ORM;NORTHAMPTON;GB;UNITED KINGDOM;UKN04
KBHX;BHX;BIRMINGHAM INTERNATIONAL AIRPORT;BHX;BIRMINGHAM;GB;UNITED KINGDOM;UKK41
EGED;EOI;EDAY;EOI;EDAY;GB;UNITED KINGDOM;UKM65
EGVN;BZZ;BRIZE NORTON;BZZ;BRIZE NORTON;GB;UNITED KINGDOM;UKJ14
EGSU;QFO;DUXFORD OFF-LINE POINT;QFO;DUXFORD;GB;UNITED KINGDOM;UKH12
EGPC;WIC;WICK;WIC;WICK;GB;UNITED KINGDOM;UKM61
EGLI;QIF;ISLEWORTH OFF-LINE POINT;QIF;ISLEWORTH;GB;UNITED KINGDOM;UKI23
EGTG;FZO;FILTON;FZO;FILTON;GB;UNITED KINGDOM;UKK12
EGHC;LEQ;LANDS END;LEQ;LANDS END;GB;UNITED KINGDOM;UKK30
GMSH;MSE;MANSTON;MSE;MANSTON;GB;UNITED KINGDOM;UKH14
EGVA;FFD;FAIRFORD;FFD;FAIRFORD;GB;UNITED KINGDOM;UKK13
EGLK;BBS;BLACKBUSHE;BBS;BLACKBUSHE;GB;UNITED KINGDOM;UKJ23
EGMH;MSE;MANSTON;MSE;MANSTON;GB;UNITED KINGDOM;UKH14
EGEF;FIE;FAIR ISLE;FIE;FAIR ISLE;GB;UNITED KINGDOM;n/a
EGQK;FSS;FORRES;FSS;FORRES;GB;UNITED KINGDOM;UKM62
EGPI;ILY;ISLAY;ILY;ISLAY;GB;UNITED KINGDOM;UKM63
EGWZ;AYH;ALCONBURY;AYH;ALCONBURY;GB;UNITED KINGDOM;UKJ24
EGUD;ABB;ABINGDON;ABB;ABINGDON;GB;UNITED KINGDOM;UKI11
EGCH;HLY;HOLYHEAD;HLY;HOLYHEAD;GB;UNITED KINGDOM;UKL11
EGPT;PSL;PERTH;PSL;PERTH;GB;UNITED KINGDOM;UKM27
EGHR;QUG;CHICHESTER/GOODWOOD OFF-LINE POINT;QUG;CHICHESTER/GOODWOOD;GB;UNITED KINGDOM;UKJ24
EGAB;ENK;ENNISKILLEN;ENK;ENNISKILLEN;GB;UNITED KINGDOM;UKN04
EGBE;CVT;COVENTRY;CVT;COVENTRY;GB;UNITED KINGDOM;UKG33
SOCA;CAY;CAYENNE;CAY;CAYENNE;GF;FRENCH GUIANA;FR930
TFFG;SFG;ST MARTIN ESPERANCE APT;SFG;ST MARTIN;GP;GUADELOUPE;FR910
TFFR;PTP;POINTE-A-PITRE;PTP;POINTE-A-PITRE;GP;GUADELOUPE;FR910
TFFJ;SBH;ST BARTHELEMY;SBH;ST BARTHELEMY;GP;GUADELOUPE;FR223
LGSR;JTR;THIRA;JTR;THIRA;GR;GREECE;GR422
LGSP;SPJ;SPARTA;SPJ;SPARTA;GR;GREECE;GR211
LGNX;JNX;NAXOS IS;JNX;NAXOS IS;GR;GREECE;GR433
LGKL;KLX;KALAMATA;KLX;KALAMATA;GR;GREECE;GR255
KJNX;JNX;NAXOS IS;JNX;NAXOS IS;GR;GREECE;GR433
LGKY;JKL;KALYMNOS airport;JKL;KALYMNOS;GR;GREECE;GR421
LGLM;LXS;LIMNOS;LXS;LIMNOS;GR;GREECE;GR411
LGKJ;KZS;KASTELORIZO;KZS;KASTELORIZO;GR;GREECE;GR213
LGPZ;PVK;PREVEZA/LEFKAS;PVK;PREVEZA/LEFKAS;GR;GREECE;GR244
LGML;MLO;MILOS;MLO;MILOS;GR;GREECE;GR422
LGSA;CHQ;CHANIA;CHQ;CHANIA;GR;GREECE;GR434
LGST;JSH;SITIA;JSH;SITIA;GR;GREECE;GR432
LGTS;SKG;THESSALONIKI;SKG;THESSALONIKI;GR;GREECE;GR122
LGHL;PKH;PORTO KHELI;PKH;PORTO KHELI;GR;GREECE;GR251
LGKF;EFL;KEFALLINIA;EFL;KEFALLINIA;GR;GREECE;GR422
LGAT;HEW;ATHENS HELLINIKON AIRPORT;ATH;ATHENS;GR;GREECE;GR300
LGKS;KSJ;KASOS ISLAND;KSJ;KASOS ISLAND;GR;GREECE;GR421
LGLE;LRS;LEROS;LRS;LEROS;GR;GREECE;GR421
LGPA;PAS;PAROS;PAS;PAROS;GR;GREECE;GR422
LGSK;JSI;SKIATHOS;JSI;SKIATHOS;GR;GREECE;GR143
LGKO;KGS;KOS;KGS;KOS;GR;GREECE;GR421
LGRP;RHO;RHODES;RHO;RHODES;GR;GREECE;GR421
LGAV;ATH;ATHENS ELEFTHERIOS VENIZELOS INTL APT;ATH;ATHENS;GR;GREECE;GR300
LGAG;AGQ;AGRINION;AGQ;AGRINION;GR;GREECE;GR431
LGSO;JSY;SYROS ISLAND;JSY;SYROS ISLAND;GR;GREECE;GR422
LGPL;JTY;ASTYPALAIA ISLAND;JTY;ASTYPALAIA ISLAND;GR;GREECE;GR422
LGAL;AXD;ALEXANDROUPOLIS;AXD;ALEXANDROUPOLIS;GR;GREECE;GR111
LGLR;LRA;LARISSA;LRA;LARISSA;GR;GREECE;GR142
LGSM;SMI;SAMOS;SMI;SAMOS;GR;GREECE;GR412
LGIO;IOA;IOANNINA;IOA;IOANNINA;GR;GREECE;GR213
LGIK;JIK;IKARIA ISLAND;JIK;IKARIA ISLAND;GR;GREECE;GR422
LGKZ;KZI;KOZANI;KZI;KOZANI;GR;GREECE;GR133
LGMK;JMK;MIKONOS;JMK;MIKONOS;GR;GREECE;GR422
LGHI;JKH;CHIOS;JKH;CHIOS;GR;GREECE;GR413
LGKV;KVA;KAVALA;KVA;KAVALA;GR;GREECE;GR115
LGKC;KIT;KITHIRA;KIT;KITHIRA;GR;GREECE;GR422
LGKA;KSO;KASTORIA;KSO;KASTORIA;GR;GREECE;GR132
LGVO;VOL;VOLOS;VOL;VOLOS;GR;GREECE;GR143
LGMT;MJT;MYTILENE;MJT;MYTILENE;GR;GREECE;GR411
LGIR;HER;HERAKLION;HER;HERAKLION;GR;GREECE;GR411
LGKR;CFU;KERKYRA;CFU;KERKYRA;GR;GREECE;GR222
LGZA;ZTH;ZAKINTHOS;ZTH;ZAKINTHOS;GR;GREECE;GR221
LGKP;AOK;KARPATHOS;AOK;KARPATHOS;GR;GREECE;GR421
LGRX;GPA;PATRAS;GPA;PATRAS;GR;GREECE;GR232
LGSY;SKU;SKIROS;SKU;SKIROS;GR;GREECE;GR242
LGAD;PYR;PYRGOS;PYR;PYRGOS;GR;GREECE;GR431
LHDC;DEB;DEBRECEN;DEB;DEBRECEN;HU;HUNGARY;HU321
LHSM;SOB;SAARMELLEEK;SOB;SAARMELLEEK;HU;HUNGARY;HU223
LHPR;QGY;GYOR BUS STATION;QGY;GYOR;HU;HUNGARY;HU323
LHBP;BUD;BUDAPEST;BUD;BUDAPEST;HU;HUNGARY;HU101
LHSY;ZBX;SZOMBATHELY OFF-LINE POINT;ZBX;SZOMBATHELY;HU;HUNGARY;HU222
LHUD;QZD;SZEGED BUS STATION;QZD;SZEGED;HU;HUNGARY;HU333
LHMC;MCQ;MISKOLC;MCQ;MISKOLC;HU;HUNGARY;HU311
EIDW;DUB;DUBLIN;DUB;DUBLIN;IE;IRELAND REPUBLIC OF;IE021
EICK;ORK;CORK;ORK;CORK;IE;IRELAND REPUBLIC OF;IE025
EIBT;BLY;BELMULLET;BLY;BELMULLET;IE;IRELAND REPUBLIC OF;IE013
EICM;GWY;GALWAY;GWY;GALWAY;IE;IRELAND REPUBLIC OF;IE013
EIKY;KIR;KERRY COUNTY;KIR;KERRY COUNTY;IE;IRELAND REPUBLIC OF;IE025
EIDL;CFN;DONEGAL;CFN;DONEGAL;IE;IRELAND REPUBLIC OF;IE011
EIKL;KKY;KILKENNY;KKY;KILKENNY;IE;IRELAND REPUBLIC OF;IE024
EIIR;INQ;INISHEER;INQ;INISHEER;IE;IRELAND REPUBLIC OF;IE013
EIKN;NOC;KNOCK;NOC;KNOCK;IE;IRELAND REPUBLIC OF;IE023
EICB;CLB;CASTLEBAR;CLB;CASTLEBAR;IE;IRELAND REPUBLIC OF;IE013
EIIM;IOR;INISHMORE;IOR;INISHMORE;IE;IRELAND REPUBLIC OF;IE013
EINN;SNN;SHANNON;SNN;SHANNON;IE;IRELAND REPUBLIC OF;IE025
EIWF;WAT;WATERFORD;WAT;WATERFORD;IE;IRELAND REPUBLIC OF;IE024
EISG;SXL;SLIGO;SXL;SLIGO;IE;IRELAND REPUBLIC OF;IE011
EIBN;BYT;BANTRY;BYT;BANTRY;IE;IRELAND REPUBLIC OF;IE025
EICA;NNR;SPIDDAL;NNR;SPIDDAL;IE;IRELAND REPUBLIC OF;IE013
BINF;NOR;NORDFJORDUR;NOR;NORDFJORDUR;IS;ICELAND;IS002
BIHU;HZK;HUSAVIK;HZK;HUSAVIK;IS;ICELAND;IS002
BIKR;SAK;SAUDARKROKUR;SAK;SAUDARKROKUR;IS;ICELAND;IS002
BITE;TEY;THINGEYRI;TEY;THINGEYRI;IS;ICELAND;IS002
BIDV;DJU;DJUPIVOGUR;DJU;DJUPIVOGUR;IS;ICELAND;IS002
BIBK;BJD;BAKKAFJORDUR;BJD;BAKKAFJORDUR;IS;ICELAND;IS002
BIFM;FAG;FAGURHOLSMYRI;FAG;FAGURHOLSMYRI;IS;ICELAND;IS002
BIIS;IFJ;ISAFJORDUR;IFJ;ISAFJORDUR;IS;ICELAND;IS002
BISI;SIJ;SIGLUFJORDUR;SIJ;SIGLUFJORDUR;IS;ICELAND;IS002
BIGJ;GJR;GJOGUR;GJR;GJOGUR;IS;ICELAND;IS002
BITH;THO;THORSHOFN;THO;THORSHOFN;IS;ICELAND;IS002
BIPA;PFJ;PATREKSFJORDUR;PFJ;PATREKSFJORDUR;IS;ICELAND;IS002
BIHK;HVK;HOLMAVIK;HVK;HOLMAVIK;IS;ICELAND;IS002
RPMT;NOR;NORDFJORDUR;NOR;NORDFJORDUR;IS;ICELAND;IS002
BIVO;VPN;VOPNAFJORDUR;VPN;VOPNAFJORDUR;IS;ICELAND;IS002
BIEG;EGS;EGILSSTADIR;EGS;EGILSSTADIR;IS;ICELAND;IS002
BIAR;AEY;AKUREYRI;AEY;AKUREYRI;IS;ICELAND;IS002
BIGR;GRY;GRIMSEY;GRY;GRIMSEY;IS;ICELAND;IS002
BIRK;RKV;REYKJAVIK APT;REK;REYKJAVIK;IS;ICELAND;IS001
BIKF;KEF;REYKJAVIK KEFLAVIK APT;REK;REYKJAVIK;IS;ICELAND;IS001
BIBL;BLO;BLONDUOS;BLO;BLONDUOS;IS;ICELAND;IS002
BIST;SYK;STYKKISHOLMUR;SYK;STYKKISHOLMUR;IS;ICELAND;IS002
BIHN;HFN;HORNAFJORDUR;HFN;HORNAFJORDUR;IS;ICELAND;IS002
BIVM;VEY;VESTMANNAEYJAR;VEY;VESTMANNAEYJAR;IS;ICELAND;IS002
BIKP;OPA;KOPASKER;OPA;KOPASKER;IS;ICELAND;IS002
BIRG;RFN;RAUFARHOFN;RFN;RAUFARHOFN;IS;ICELAND;IS002
LIPQ;TRS;TRIESTE;TRS;TRIESTE;IT;ITALY;ITD44
LIMG;ALL;ALBENGA;ALL;ALBENGA;IT;ITALY;ITC32
LIQN;QRT;RIETI OFF-LINE PT;QRT;RIETI;IT;ITALY;ITE42
LIBD;BRI;BARI;BRI;BARI;IT;ITALY;ITF42
LIQL;LCV;LUCCA;LCV;LUCCA;IT;ITALY;ITE12
LIRS;GRS;GROSSETO;GRS;GROSSETO;IT;ITALY;ITE1A
LIED;DCI;DECIMOMANNU;DCI;DECIMOMANNU;IT;ITALY;ITG27
n/na;ZMS;FLORENCE S.M. NOVELLA RAIL STN;FLR;FLORENCE;IT;ITALY;ITC14
LIBP;PSR;PESCARA;PSR;PESCARA;IT;ITALY;ITF13
LIPZ;VCE;VENICE MARCO POLO APT;VCE;VENICE;IT;ITALY;ITD35
LIMP;PMF;MILAN PARMA APT;MIL;MILAN;IT;ITALY;ITC45
LIRQ;FLR;FLORENCE AMERIGO VESPUCCI;FLR;FLORENCE;IT;ITALY;ITC14
KCAG;CAG;CAGLIARI;CAG;CAGLIARI;IT;ITALY;ITG27
LIBN;LCC;LECCE;LCC;LECCE;IT;ITALY;ITF45
LIPX;VRN;VERONA AIRPORT;VRN;VERONA;IT;ITALY;ITD31
LIPO;VBS;VERONA BRESCIA AIRPORT;VRN;VERONA;IT;ITALY;ITD31
LIME;BGY;MILAN ORIO AL SERIO;MIL;MILAN;IT;ITALY;ITC45
LIVT;TRS;TRIESTE;TRS;TRIESTE;IT;ITALY;ITD44
LICB;CIY;COMISO;CIY;COMISO;IT;ITALY;ITG18
LIPT;VIC;VICENZA;VIC;VICENZA;IT;ITALY;ITD32
LIML;LIN;MILAN LINATE APT;MIL;MILAN;IT;ITALY;ITC45
LIRZ;PEG;PERUGIA;PEG;PERUGIA;IT;ITALY;ITE21
LIBR;BDS;BRINDISI;BDS;BRINDISI;IT;ITALY;ITF44
LIPK;FRL;FORLI;BLQ;BOLOGNA;IT;ITALY;ITD55
KGBN;GBN;SAN GIOVANNI ROTONDO;GBN;SAN GIOVANNI ROTONDO;IT;ITALY;ITF41
LICF;QME;MESSINA OFF-LINE PT;QME;MESSINA;IT;ITALY;ITG13
LIEO;OLB;OLBIA;OLB;OLBIA;IT;ITALY;ITG29
LIPE;BLQ;BOLOGNA;BLQ;BOLOGNA;IT;ITALY;ITD55
LIQB;QZO;AREZZO OFF-LINE PT;QZO;AREZZO;IT;ITALY;ITE18
LIMJ;GOA;GENOA;GOA;GENOA;IT;ITALY;ITC33
LICD;LMP;LAMPEDUSA;LMP;LAMPEDUSA;IT;ITALY;ITG14
LIPA;AVB;AVIANO;AVB;AVIANO;IT;ITALY;ITD41
LIBC;CRV;CROTONE;CRV;CROTONE;IT;ITALY;ITF62
LIRN;NAP;NAPLES CAPODICHINO APT;NAP;NAPLES;IT;ITALY;ITF33
LIMW;AOT;AOSTA;AOT;AOSTA;IT;ITALY;ITC20
LIMC;MXP;MILAN MALPENSA APT;MIL;MILAN;IT;ITALY;ITC45
LIBZ;QPO;POTENZA OFF-LINE PT;QPO;POTENZA;IT;ITALY;ITF51
LIPR;RMI;RIMINI;RMI;RIMINI;IT;ITALY;ITD59
LIMF;TRN;TURIN CITTA DI TORINO AIRPORT;TRN;TURIN;IT;ITALY;ITG25
LIEE;CAG;CAGLIARI;CAG;CAGLIARI;IT;ITALY;ITG27
LIBG;TAR;TARANTO;TAR;TARANTO;IT;ITALY;ITF43
LIRL;QLT;LATINA OFF-LINE PT;QLT;LATINA;IT;ITALY;ITE44
LICJ;PMO;PALERMO;PMO;PALERMO;IT;ITALY;ITG12
LIMS;QPZ;PIACENZA OFF-LINE PT;QPZ;PIACENZA;IT;ITALY;ITD51
LIPY;AOI;ANCONA;AOI;ANCONA;IT;ITALY;ITE32
LIRA;CIA;ROME CIAMPINO APT;ROM;ROME;IT;ITALY;ITG13
LIRP;PSA;FLORENCE PISA AIRPORT;FLR;FLORENCE;IT;ITALY;ITC14
LIPH;TSF;VENICE TREVISO APT;VCE;VENICE;IT;ITALY;ITD35
LICT;TPS;TRAPANI;TPS;TRAPANI;IT;ITALY;ITG11
LIRF;FCO;ROME FIUMICINO APT;ROM;ROME;IT;ITALY;ITG13
LICC;CTA;CATANIA;CTA;CATANIA;IT;ITALY;ITG17
LICR;REG;REGGIO CALABRIA;REG;REGGIO CALABRIA;IT;ITALY;ITC14
KLIU;LIU;LINOSA;LIU;LINOSA;IT;ITALY;ITG14
LICA;SUF;LAMEZIA TERME;SUF;LAMEZIA TERME;IT;ITALY;ITF63
KBLX;BLX;BELLUNO;BLX;BELLUNO;IT;ITALY;ITD33
LIQC;PRJ;CAPRI;PRJ;CAPRI;IT;ITALY;ITF33
LIPB;BZO;BOLZANO;BZO;BOLZANO;IT;ITALY;ITD10
LIRJ;EBA;ELBA ISLAND;EBA;ELBA ISLAND;IT;ITALY;ITE16
LIBF;FOG;FOGGIA;FOG;FOGGIA;IT;ITALY;ITF41
LIEA;AHO;ALGHERO;AHO;ALGHERO;IT;ITALY;ITG25
LIMZ;CUF;CUNEO;CUF;CUNEO;IT;ITALY;ITC16
LIBS;QPB;CAMPOBASSO OFF-LINE PT;QPB;CAMPOBASSO;IT;ITALY;ITF22
LICG;PNL;PANTELLERIA;PNL;PANTELLERIA;IT;ITALY;ITG11
LIRH;QFR;FROSINONE OFF-LINE POINT;QFR;FROSINONE;IT;ITALY;ITE45
EYKL;KLJ;KLAIPEDA;KLJ;KLAIPEDA;LT;LITHUANIA;LT003
EYPN;PNV;PANEVEZYS;PNV;PANEVEZYS;LT;LITHUANIA;LT005
EYKA;KUN;KAUNAS;KUN;KAUNAS;LT;LITHUANIA;LT002
EYPA;PLQ;PALANGA;PLQ;PALANGA;LT;LITHUANIA;LT003
EYSA;SQQ;SIAULIAI;SQQ;SIAULIAI;LT;LITHUANIA;LT006
EYVI;VNO;VILNIUS;VNO;VILNIUS;LT;LITHUANIA;LT00A
ELLX;LUX;LUXEMBOURG;LUX;LUXEMBOURG;LU;LUXEMBOURG;LU000
EVLA;LPX;LIEPAYA;LPX;LIEPAYA;LV;LATVIA;LV003
EVRA;RIX;RIGA;RIX;RIGA;LV;LATVIA;LV006
EVDA;DGP;DAUGAVPILS;DGP;DAUGAVPILS;LV;LATVIA;LV005
TFFF;FDF;FORT DE FRANCE;FDF;FORT DE FRANCE;MQ;MARTINIQUE;FR615
LMML;MLA;MALTA;MLA;MALTA;MT;MALTA;MT001
EHVB;LID;LEIDEN;LID;LEIDEN;NL;NETHERLANDS;NL331
EHEH;EIN;EINDHOVEN AIRPORT;EIN;EINDHOVEN;NL;NETHERLANDS;NL414
EHGR;GLZ;BREDA;GLZ;BREDA;NL;NETHERLANDS;NL411
EHLE;LEY;LELYSTAD;LEY;LELYSTAD;NL;NETHERLANDS;NL230
EHGG;GRQ;GRONINGEN;GRQ;GRONINGEN;NL;NETHERLANDS;NL113
EHLW;LWR;LEEUWARDEN;LWR;LEEUWARDEN;NL;NETHERLANDS;NL121
EHAM;AMS;AMSTERDAM;AMS;AMSTERDAM;NL;NETHERLANDS;NL326
EHWO;WOE;WOENSDRECHT;WOE;WOENSDRECHT;NL;NETHERLANDS;NL411
EHBK;MST;MAASTRICHT/AACHEN DE APT;MST;MAASTRICHT;NL;NETHERLANDS;NL423
EHRD;RTM;ROTTERDAM APT;RTM;ROTTERDAM;NL;NETHERLANDS;NL335
EHTW;ENS;ENSCHEDE;ENS;ENSCHEDE;NL;NETHERLANDS;NL213
EHKD;DHR;DEN HELDER;DHR;DEN HELDER;NL;NETHERLANDS;NL321
ENRA;MQN;MO I RANA;MQN;MO I RANA;NO;NORWAY;NO071
ENHD;HAU;HAUGESUND;HAU;HAUGESUND;NO;NORWAY;NO043
ENSK;SKN;STOKMARKNES;SKN;STOKMARKNES;NO;NORWAY;NO071
ENKR;KKN;KIRKENES;KKN;KIRKENES;NO;NORWAY;NO073
ENTC;TOS;TROMSO;TOS;TROMSO;NO;NORWAY;NO072
ENDU;BDU;BARDUFOSS;BDU;BARDUFOSS;NO;NORWAY;NO072
ENEV;EVE;HARSTAD-NARVIK;EVE;HARSTAD-NARVIK;NO;NORWAY;NO071
ENHF;HFT;HAMMERFEST;HFT;HAMMERFEST;NO;NORWAY;NO073
ENVA;TRD;TRONDHEIM VAERNES AIRPORT;TRD;TRONDHEIM;NO;NORWAY;NO061
ENKA;QKX;KAUTOKEINO OFF-LINE PT;QKX;KAUTOKEINO;NO;NORWAY;NO073
ENBS;BJF;BATSFJORD;BJF;BATSFJORD;NO;NORWAY;NO073
ENSD;SDN;SANDANE;SDN;SANDANE;NO;NORWAY;NO052
ENSO;SRP;STORD;SRP;STORD;NO;NORWAY;NO051
ENHK;HAA;HASVIK;HAA;HASVIK;NO;NORWAY;NO073
ENSB;LYR;LONGYEARBYEN;LYR;LONGYEARBYEN;NO;NORWAY;n/a
ENAT;ALF;ALTA;ALF;ALTA;NO;NORWAY;NO073
ENLK;LKN;LEKNES;LKN;LEKNES;NO;NORWAY;NO071
ENSH;SVJ;SVOLVAER;SVJ;SVOLVAER;NO;NORWAY;NO071
ENML;MOL;MOLDE;MOL;MOLDE;NO;NORWAY;NO053
ENNM;OSY;NAMSOS;OSY;NAMSOS;NO;NORWAY;NO062
ENCN;KRS;KRISTIANSAND KJEVIK AIRPORT;KRS;KRISTIANSAND;NO;NORWAY;NO042
ENRG;ZXM;ROGNAN RAIL STATION;ZXM;ROGNAN;NO;NORWAY;NO071
ENOL;OLA;ORLAND;OLA;ORLAND;NO;NORWAY;NO061
ENLI;FAN;FARSUND;FAN;FARSUND;NO;NORWAY;NO042
ENNO;NTB;NOTODDEN;NTB;NOTODDEN;NO;NORWAY;NO034
ENVR;VRY;VAEROY;VRY;VAEROY;NO;NORWAY;NO071
ENAN;ANX;ANDENES;ANX;ANDENES;NO;NORWAY;NO071
ENBO;BOO;BODO;BOO;BODO;NO;NORWAY;NO071
ENSS;VAW;VARDOE;VAW;VARDOE;NO;NORWAY;NO073
ENAL;AES;AALESUND;AES;AALESUND;NO;NORWAY;NO053
ENKL;GLL;GOL;GLL;GOL;NO;NORWAY;NO032
ENBV;BVG;BERLEVAG;BVG;BERLEVAG;NO;NORWAY;NO073
ENSN;SKE;SKIEN;SKE;SKIEN;NO;NORWAY;NO034
ENSR;SOJ;SORKJOSEN;SOJ;SORKJOSEN;NO;NORWAY;NO072
ENFG;VDB;FAGERNES;VDB;FAGERNES;NO;NORWAY;NO022
ENRM;RVK;ROERVIK;RVK;ROERVIK;NO;NORWAY;NO062
ENDI;DLD;GEILO;DLD;GEILO;NO;NORWAY;NO032
KFRO;FRO;FLORO;FRO;FLORO;NO;NORWAY;NO052
ENZV;SVG;STAVANGER;SVG;STAVANGER;NO;NORWAY;NO043
ENMS;MJF;MOSJOEN;MJF;MOSJOEN;NO;NORWAY;NO071
ENTO;TRF;OSLO TORP AIRPORT;OSL;OSLO;NO;NORWAY;NO033
ENMH;MEH;MEHAMN;MEH;MEHAMN;NO;NORWAY;NO073
ENSA;SRP;STORD;SRP;STORD;NO;NORWAY;NO051
KMEH;MEH;MEHAMN;MEH;MEHAMN;NO;NORWAY;NO073
ENNK;NVK;NARVIK;NVK;NARVIK;NO;NORWAY;NO071
ENRO;RRS;ROROS;RRS;ROROS;NO;NORWAY;NO061
ENBN;BNN;BRONNOYSUND;BNN;BRONNOYSUND;NO;NORWAY;NO071
ENBL;FDE;FORDE;FDE;FORDE;NO;NORWAY;NO052
ENGM;OSL;OSLO AIRPORT;OSL;OSLO;NO;NORWAY;NO012
ENRS;RET;ROST;RET;ROST;NO;NORWAY;NO071
ENBR;BGO;BERGEN;BGO;BERGEN;NO;NORWAY;NO051
ENNA;LKL;LAKSELV;LKL;LAKSELV;NO;NORWAY;NO073
ENHV;HVG;HONNINGSVAG;HVG;HONNINGSVAG;NO;NORWAY;NO073
ENFL;FRO;FLORO;FRO;FLORO;NO;NORWAY;NO052
ENKB;KSU;KRISTIANSUND;KSU;KRISTIANSUND;NO;NORWAY;NO053
ENRY;RYG;RYGGE airport;RYG;RYGGE;NO;NORWAY;NO031
ENJA;n/a;JAN MAYEN OFF-LINE POINT;n/a;JAN MAYEN;NO;NORWAY;n/a
ENSG;SOG;SOGNDAL;SOG;SOGNDAL;NO;NORWAY;NO052
ENST;SSJ;SANDNESSJOEN;SSJ;SANDNESSJOEN;NO;NORWAY;NO071
ENOV;HOV;ORSTA-VOLDA;HOV;ORSTA-VOLDA;NO;NORWAY;NO053
ENVD;VDS;VADSO;VDS;VADSO;NO;NORWAY;NO073
ENHA;HMR;HAMAR;HMR;HAMAR;NO;NORWAY;NO021
KSZY;SZY;SZYMANY;SZY;SZYMANY;PL;POLAND;PL622
EPWA;WAW;WARSAW;WAW;WARSAW;PL;POLAND;PL127
EPSY;SZY;SZYMANY;SZY;SZYMANY;PL;POLAND;PL622
EPWR;WRO;WROCLAW;WRO;WROCLAW;PL;POLAND;PL514
EPKT;KTW;KATOWICE;KTW;KATOWICE;PL;POLAND;PL22A
EPGD;GDN;GDANSK;GDN;GDANSK;PL;POLAND;PL634
ESPC;SZZ;SZCZECIN;SZZ;SZCZECIN;PL;POLAND;PL424
EPBY;BZG;BYDGOSZCZ;BZG;BYDGOSZCZ;PL;POLAND;PL613
EPSC;SZZ;SZCZECIN;SZZ;SZCZECIN;PL;POLAND;PL424
EPSK;OSP;SLUPSK;OSP;SLUPSK;PL;POLAND;PL631
EPPO;POZ;POZNAN;POZ;POZNAN;PL;POLAND;PL418
EPKK;KRK;KRAKOW;KRK;KRAKOW;PL;POLAND;PL214
EPRZ;RZE;RZESZOW;RZE;RZESZOW;PL;POLAND;PL416
EPKO;OSZ;KOSZALIN;OSZ;KOSZALIN;PL;POLAND;PL422
EPLL;LCJ;LODZ;LCJ;LODZ;PL;POLAND;PL113
EPZG;IEG;ZIELONA GORA;IEG;ZIELONA GORA;PL;POLAND;PL432
LPPR;OPO;PORTO;OPO;PORTO;PT;PORTUGAL;PT200
LPBG;BGC;BRAGANCA;BGC;BRAGANCA;PT;PORTUGAL;PT118
LPPT;LIS;LISBON;LIS;LISBON;PT;PORTUGAL;PT171
LPFR;FAO;FARO;FAO;FARO;PT;PORTUGAL;PT150
LPFL;FLW;FLORES ISLAND;FLW;FLORES ISLAND;PT;PORTUGAL;PT200
LPMA;FNC;FUNCHAL;FNC;FUNCHAL;PT;PORTUGAL;PT300
LPPD;PDL;PONTA DELGADA;PDL;PONTA DELGADA;PT;PORTUGAL;PT200
LPPS;PXO;PORTO SANTO;PXO;PORTO SANTO;PT;PORTUGAL;PT300
LPPI;PIX;PICO ISLAND;PIX;PICO ISLAND;PT;PORTUGAL;PT112
LPCO;CBP;COIMBRA;CBP;COIMBRA;PT;PORTUGAL;PT162
LPLA;TER;TERCEIRA;TER;TERCEIRA;PT;PORTUGAL;PT162
LPVR;VRL;VILA REAL;VRL;VILA REAL;PT;PORTUGAL;PT165
LPAZ;SMA;SANTA MARIA;SMA;SANTA MARIA;PT;PORTUGAL;PT300
LPBR;BGZ;BRAGA;BGZ;BRAGA;PT;PORTUGAL;PT118
LPHR;HOR;HORTA;HOR;HORTA;PT;PORTUGAL;PT117
LPCV;COV;COVILHA;COV;COVILHA;PT;PORTUGAL;PT300
FMEE;RUN;ST DENIS DE LA REUNION;RUN;ST DENIS DE LA REUNION;RE;REUNION;FR940
FMEP;ZSE;ST PIERRE DE LA REUNION;ZSE;ST PIERRE DE LA REUNION;RE;REUNION;FR940
LRTR;TSR;TIMISOARA;TSR;TIMISOARA;RO;ROMANIA;RO424
LROD;OMR;ORADEA;OMR;ORADEA;RO;ROMANIA;RO111
LRSM;SUJ;SATU MARE;SUJ;SATU MARE;RO;ROMANIA;RO215
LRTC;TCE;TULCEA;TCE;TULCEA;RO;ROMANIA;RO225
LRBC;BCM;BACAU;BCM;BACAU;RO;ROMANIA;RO211
LRSB;SBZ;SIBIU;SBZ;SIBIU;RO;ROMANIA;RO126
LRBM;BAY;BAIA MARE;BAY;BAIA MARE;RO;ROMANIA;RO225
LRCL;CLJ;CLUJ;CLJ;CLUJ;RO;ROMANIA;RO113
LRSV;SCV;SUCEAVA;SCV;SUCEAVA;RO;ROMANIA;RO215
LRAR;ARW;ARAD;ARW;ARAD;RO;ROMANIA;RO421
LROP;OTP;BUCHAREST OTOPENI APT;BUH;BUCHAREST;RO;ROMANIA;RO321
LRIA;IAS;IASI;IAS;IASI;RO;ROMANIA;RO213
LRBS;BBU;BUCHAREST BANEASA APT;BUH;BUCHAREST;RO;ROMANIA;RO321
LRCK;CND;CONSTANTA;CND;CONSTANTA;RO;ROMANIA;RO223
LRCV;CRA;CRAIOVA;CRA;CRAIOVA;RO;ROMANIA;RO411
LRCS;CSB;CARANSEBES;CSB;CARANSEBES;RO;ROMANIA;RO422
LRTM;TGM;TIRGU MURES;TGM;TIRGU MURES;RO;ROMANIA;RO125
ESPA;LLA;LULEA;LLA;LULEA;SE;SWEDEN;SE332
ESNU;UME;UMEA;UME;UMEA;SE;SWEDEN;SE331
ESMT;HAD;HALMSTAD;HAD;HALMSTAD;SE;SWEDEN;SE231
ESSQ;KSD;KARLSTAD;KSD;KARLSTAD;SE;SWEDEN;SE311
ESNN;SDL;SUNDSVALL;SDL;SUNDSVALL;SE;SWEDEN;SE321
ESMX;VXO;VAXJO;VXO;VAXJO;SE;SWEDEN;SE212
ESTA;AGH;ANGELHOLM/HELSINGBORG ANGELHOLM APT;AGH;ANGELHOLM/HELSINGBORG;SE;SWEDEN;SE224
ESDF;RNB;RONNEBY;RNB;RONNEBY;SE;SWEDEN;SE221
ESMQ;KLR;KALMAR;KLR;KALMAR;SE;SWEDEN;SE213
ESSK;GVX;GAVLE SANDVIKEN AIRPORT;GVX;GAVLE;SE;SWEDEN;SE313
ESGJ;JKG;JONKOPING;JKG;JONKOPING;SE;SWEDEN;SE211
ESSA;ARN;STOCKHOLM/ARLANDA airport;STO;STOCKHOLM;SE;SWEDEN;SE110
KGEV;GEV;GALLIVARE;GEV;GALLIVARE;SE;SWEDEN;SE332
KJSO;JSO;SODERTALJE;JSO;SODERTALJE;SE;SWEDEN;SE110
ESOW;VST;STOCKHOLM VASTERAS APT;STO;STOCKHOLM;SE;SWEDEN;SE110
ESSV;VBY;VISBY;VBY;VISBY;SE;SWEDEN;SE214
ESGT;THN;TROLLHATTAN;THN;TROLLHATTAN;SE;SWEDEN;SE232
ESMS;MMX;MALMO STURUP APT;MMA;MALMO;SE;SWEDEN;SE224
ESNG;GEV;GALLIVARE;GEV;GALLIVARE;SE;SWEDEN;SE332
KHAD;HAD;HALMSTAD;HAD;HALMSTAD;SE;SWEDEN;SE231
KORB;ORB;OREBRO;ORB;OREBRO;SE;SWEDEN;SE124
ESSP;NRK;NORRKOPING;NRK;NORRKOPING;SE;SWEDEN;SE123
ESNX;AJR;ARVIDSJAUR;AJR;ARVIDSJAUR;SE;SWEDEN;SE332
ESNZ;OSD;OSTERSUND;OSD;OSTERSUND;SE;SWEDEN;SE322
ESMK;KID;KRISTIANSTAD;KID;KRISTIANSTAD;SE;SWEDEN;SE224
ESNK;KRF;KRAMFORS;KRF;KRAMFORS;SE;SWEDEN;SE321
ESGP;GSE;GOTHENBURG SAEVE APT;GOT;GOTHENBURG;SE;SWEDEN;SE232
ESOE;ORB;OREBRO;ORB;OREBRO;SE;SWEDEN;SE124
ESSL;LPI;LINKOPING;LPI;LINKOPING;SE;SWEDEN;SE123
ESSD;BLE;BORLANGE/FALUN;BLE;BORLANGE/FALUN;SE;SWEDEN;SE312
ESCL;SOO;SODERHAMN;SOO;SODERHAMN;SE;SWEDEN;SE313
OERY;XXN;KIL RAIL STATION;XXN;KIL;SE;SWEDEN;SE311
ESNO;OER;ORNSKOLDSVIK;OER;ORNSKOLDSVIK;SE;SWEDEN;SE321
ESSB;BMA;STOCKHOLM BROMMA APT;STO;STOCKHOLM;SE;SWEDEN;SE110
ESKN;NYO;STOCKHOLM SKAVSTA AIRPORT;STO;STOCKHOLM;SE;SWEDEN;SE110
ESNQ;KRN;KIRUNA;KRN;KIRUNA;SE;SWEDEN;SE332
ESGR;KVB;SKOVDE;KVB;SKOVDE;SE;SWEDEN;SE232
ESNS;SFT;SKELLEFTEA;SFT;SKELLEFTEA;SE;SWEDEN;SE331
ESOK;KSD;KARLSTAD;KSD;KARLSTAD;SE;SWEDEN;SE311
ESSF;HLF;HULTSFRED;HLF;HULTSFRED;SE;SWEDEN;SE213
ESGG;GOT;GOTHENBURG LANDVETTER APT;GOT;GOTHENBURG;SE;SWEDEN;SE232
LJMB;MBX;MARIBOR;MBX;MARIBOR;SI;SLOVENIA;SI012
LJLJ;LJU;LJUBLJANA;LJU;LJUBLJANA;SI;SLOVENIA;SI021
LJPZ;POW;PORTOROZ;POW;PORTOROZ;SI;SLOVENIA;SI024
LZSL;SLD;SLIAC;SLD;SLIAC;SK;SLOVAKIA;SK032
LZKZ;KSC;KOSICE;KSC;KOSICE;SK;SLOVAKIA;SK042
LZTT;TAT;POPRAD/TATRY;TAT;POPRAD/TATRY;SK;SLOVAKIA;SK042
LZPP;PZY;PIESTANY;PZY;PIESTANY;SK;SLOVAKIA;SK021
LZZI;ILZ;ZILINA;ILZ;ZILINA;SK;SLOVAKIA;SK031
LZPW;POV;PRESOV;POV;PRESOV;SK;SLOVAKIA;SK041
LZIB;BTS;BRATISLAVA M.R.STEFANIK APT;BTS;BRATISLAVA;SK;SLOVAKIA;SK010
LZLU;LUE;LUCENEC;LUE;LUCENEC;SK;SLOVAKIA;SK032
EDOR;n/a;STOLLN/RHINOW airport;n/a;STOLLN/RHINOW;DE;GERMANY;DE426
EDTK;FKB;KARLSRUHE airport;FKB;KARLSRUHE;DE;GERMANY;DE122
ESDB;AGH;ANGELHOLM/HELSINGBORG ANGELHOLM APT;AGH;ANGELHOLM/HELSINGBORG;SE;SWEDEN;SE224
LSZM;BSL;EUROAIRPORT BASEL;EAP;EUROAIRPORT;CH;SWITZERLAND;CH031
LSMU;BXO;BUOCHS;BXO;BUOCHS;CH;SWITZERLAND;CH065
LPFU;FNC;FUNCHAL;FNC;FUNCHAL;PT;PORTUGAL;PT300
LSZS;SMV;ST MORITZ;SMV;ST MORITZ;CH;SWITZERLAND;CH056
EFUT;UTI;KOUVOLA;UTI;KOUVOLA;FI;FINLAND;FI186
EDCG;n/a;RUGEN airport;n/a;RUGEN;DE;GERMANY;DE80H
EDTD;ZQL;DONAUESCHINGEN-VILLINGEN airport;n/a;DONAUESCHINGEN;DE;GERMANY;DE136
LFJR;ANE;ANGERS MARCE airport;ANE;ANGERS MARCE;FR;FRANCE;FR512
EFHE;n/a;HERNESAARI  airport;n/a;HELSINKI;FI;FINLAND;FI181
EFHN;n/a;HANKO airport;n/a;HANKO;FI;FINLAND;FI181
EGNO;n/a;WARTON airport;n/a;PRESTON;GB;UNITED KINGDOM;UKD43
ENAS;n/a;NY ALESUND (SVALBARD) (PRIVATE) airport;n/a;NY ALESUND;NO;NORWAY;n/a
ENBA;n/a;BARENTSBURG (PRIVATE) airport;n/a;BARENTSBURG;NO;NORWAY;n/a
ENBM;n/a;BOMOEN  airport;n/a;BOMOEN;NO;NORWAY;NO051
ENIS;n/a;ISFJORD (PRIVATE) airport;n/a;ISFJORD;NO;NORWAY;n/a
ENJB;n/a;JARLSBERG (PRIVATE) airport;n/a;JARLSBERG;NO;NORWAY;NO033
ENKJ;n/a;KJELLER (MIL/PRIVATE CIV) airport;n/a;KJELLER;NO;NORWAY;NO012
ENUI;n/a;KONGSVINGER airport;n/a;KONGSVINGER;NO;NORWAY;NO021
ENUL;n/a;OS/VAKSINEN (PRIVATE) airport;n/a;OS/VAKSINEN;NO;NORWAY;n/a
ENWG;n/a;MORE OG ROMSDAL-AUKRA airport;n/a;MORE OG ROMSDAL-AUKRA;NO;NORWAY;NO053
ENWV;n/a;TRONDHEIM-VERDAL airport;n/a;TRONDHEIM-VERDAL;NO;NORWAY;NO062
ENYR;n/a;ROGALAND-ORRE airport;n/a;ROGALAND-ORRE;NO;NORWAY;NO043
ENYV;n/a;HORDALAND airport;n/a;HORDALAND;NO;NORWAY;NO051
LSER;n/a;RARON (HEL) airport;n/a;RARON;CH;SWITZERLAND;CH012
LSEZ;n/a;ZERMATT (HEL) airport;n/a;ZERMATT;CH;SWITZERLAND;CH012
LSGB;n/a;BEX airport;n/a;BEX;CH;SWITZERLAND;CH011
LSGE;n/a;ECUVILLENS airport;n/a;ECUVILLENS;CH;SWITZERLAND;CH022
LSGK;VVL;SAANEN airport;VVL;SAANEN;CH;SWITZERLAND;CH021
LSGR;n/a;REICHENBACH airport;n/a;REICHENBACH;CH;SWITZERLAND;CH021
LSGT;n/a;GRUYERES airport;n/a;GRUYERES;CH;SWITZERLAND;CH022
LSGY;n/a;YVERDON-LES-BAINS airport;n/a;YVERDON-LES-BAINS;CH;SWITZERLAND;CH011
LSHA;n/a;GSTAAD-INN GRUND (HEL) airport;n/a;GSTAAD-INN GRUND;CH;SWITZERLAND;CH021
LSHC;n/a;COLLOMBEY-MURAZ (HEL) airport;n/a;COLLOMBEY-MURAZ;CH;SWITZERLAND;CH012
LSHG;n/a;GAMPEL (HEL) airport;n/a;GAMPEL (HEL);CH;SWITZERLAND;CH012
LSMD;n/a;DUBENDORF (MIL) airport;n/a;DUBENDORF (MIL);CH;SWITZERLAND;CH040
LSMF;n/a;MOLLIS (MIL) airport;n/a;MOLLIS (MIL);CH;SWITZERLAND;CH051
LSPL;n/a;LANGENTHAL airport;n/a;LANGENTHAL;CH;SWITZERLAND;CH021
LSPM;n/a;AMBRI airport;n/a;AMBRI;CH;SWITZERLAND;CH070
LSPN;n/a;TRIENGEN airport;n/a;TRIENGEN;CH;SWITZERLAND;CH061
LSPV;n/a;WANGEN-LACHEN airport;n/a;WANGEN-LACHEN;CH;SWITZERLAND;CH063
LSTZ;n/a;ZWEISIMMEN airport;n/a;ZWEISIMMEN;CH;SWITZERLAND;CH021
LSZE;n/a;BAD RAGAZ airport;n/a;BAD RAGAZ;CH;SWITZERLAND;CH055
LSZF;n/a;BIRRFELD airport;n/a;BIRRFELD;CH;SWITZERLAND;CH033
LSZG;n/a;GRENCHEN airport;n/a;GRENCHEN;CH;SWITZERLAND;CH023
LSZK;n/a;SPECK-FEHRALTORF airport;n/a;SPECK-FEHRALTORF;CH;SWITZERLAND;CH040
LSZL;ZJI;LOCARNO airport;ZJI;LOCARNO;CH;SWITZERLAND;CH070
LSZP;n/a;BIEL-KAPPELEN airport;n/a;BIEL-KAPPELEN;CH;SWITZERLAND;CH021
LSZU;n/a;BUTTWIL airport;n/a;BUTTWIL;CH;SWITZERLAND;CH033
LSZV;n/a;SITTERDORF airport;n/a;SITTERDORF;CH;SWITZERLAND;CH057
LFEC;n/a;OUESSANT airport;n/a;OUESSANT;FR;FRANCE;FR522
LFRT;SBK;SAINT-BRIEUC-ARMOR airport;SBK;SAINT-BRIEUC-ARMOR;FR;FRANCE;FR521
TFFS;LSS;LES SAINTES, TERRE DE HAUT airport;LSS;LES SAINTES;FR;FRANCE;FR910
TFFM;GBJ;MARIE GALANTE, GRAND BOURG airport;GBJ;GRAND BOURG;FR;FRANCE;FR910
LFTG;JCA;CANNES-PALM BEACH airport;JCA;CANNES;FR;FRANCE;FR823
LGBL;VOL;NEA ANCHIALOS airport;VOL;NEA ANCHIALOS;GR;GREECE;GR143
EDXP;n/a;HARLE airport;n/a;HARLE;DE;GERMANY;DE94H
LFOK;XCR;CHALONS-VATRY airport;XCR;CHALONS-VATRY;FR;FRANCE;FR213
ENOP;n/a;OPPDAL /FAGERHAUG (PRIVATE) airport);n/a;OPPDAL;NO;NORWAY;NO061
ENEG;n/a;EGGEMOEN (PRIVATE) airport;n/a;EGGEMOEN;NO;NORWAY;NO032
ENGK;n/a;GULLKNAPP (PRIVATE) airport;n/a;GULLKNAPP;NO;NORWAY;NO041
ENHN;n/a;HORNMOEN (PRIVATE) airport;n/a;HORNMOEN;NO;NORWAY;NO021
LIPN;QBS;VERONA/BOSCOMATICO airport;QBS;VERONA;IT;ITALY;ITD31
