iso;country;code;level;name;altname
AT;Austria;AT1;1;Ostösterreich;
AT;Austria;AT11;2;Burgenland;
AT;Austria;AT111;3;Mittelburgenland;
AT;Austria;AT112;3;Nordburgenland;
AT;Austria;AT113;3;Südburgenland;
AT;Austria;AT12;2;Niederösterreich;
AT;Austria;AT121;3;Mostviertel-Eisenwurzen;
AT;Austria;AT122;3;Niederösterreich-Süd;
AT;Austria;AT123;3;Sankt Pölten;
AT;Austria;AT124;3;Waldviertel;
AT;Austria;AT125;3;Weinviertel;
AT;Austria;AT126;3;Wiener Umland/Nordteil;
AT;Austria;AT127;3;Wiener Umland/Südteil;
AT;Austria;AT13;2;Wien;
AT;Austria;AT130;3;Wien;
AT;Austria;AT2;1;Südösterreich;
AT;Austria;AT21;2;Kärnten;
AT;Austria;AT211;3;Klagenfurt-Villach;
AT;Austria;AT212;3;Oberkärnten;
AT;Austria;AT213;3;Unterkärnten;
AT;Austria;AT22;2;Steiermark;
AT;Austria;AT221;3;Graz;
AT;Austria;AT222;3;Liezen;
AT;Austria;AT223;3;Östliche Obersteiermark;
AT;Austria;AT224;3;Oststeiermark;
AT;Austria;AT225;3;West- und Südsteiermark;
AT;Austria;AT226;3;Westliche Obersteiermark;
AT;Austria;AT3;1;Westösterreich;
AT;Austria;AT31;2;Oberösterreich;
AT;Austria;AT311;3;Innviertel;
AT;Austria;AT312;3;Linz-Wels;
AT;Austria;AT313;3;Mühlviertel;
AT;Austria;AT314;3;Steyr-Kirchdorf;
AT;Austria;AT315;3;Traunviertel;
AT;Austria;AT32;2;Salzburg;
AT;Austria;AT321;3;Lungau;
AT;Austria;AT322;3;Pinzgau-Pongau;
AT;Austria;AT323;3;Salzburg und Umgebung;
AT;Austria;AT33;2;Tirol;
AT;Austria;AT331;3;Außerfern;
AT;Austria;AT332;3;Innsbruck;
AT;Austria;AT333;3;Osttirol;
AT;Austria;AT334;3;Tiroler Oberland;
AT;Austria;AT335;3;Tiroler Unterland;
AT;Austria;AT34;2;Vorarlberg;
AT;Austria;AT341;3;Bludenz-Bregenzer Wald;
AT;Austria;AT342;3;Rheintal-Bodenseegebiet;
BE;Belgium;BE1;1;Région de Bruxelles-Capitale;Brussels Hoofdstedelijk gewest
BE;Belgium;BE10;2;Région de Bruxelles-Capitale;Brussels Hoofdstedelijk gewest
BE;Belgium;BE100;3;Bruxelles-Capitale;Brussel-Hoofdstad
BE;Belgium;BE2;1;Vlaams gewest;
BE;Belgium;BE21;2;Antwerpen;
BE;Belgium;BE211;3;Antwerpen;
BE;Belgium;BE212;3;Mechelen;
BE;Belgium;BE213;3;Turnhout;
BE;Belgium;BE22;2;Limburg;
BE;Belgium;BE221;3;Hasselt;
BE;Belgium;BE222;3;Maaseik;
BE;Belgium;BE223;3;Tongeren;
BE;Belgium;BE23;2;Oost-Vlaanderen;
BE;Belgium;BE231;3;Aalst;
BE;Belgium;BE232;3;Dendermonde;
BE;Belgium;BE233;3;Eeklo;
BE;Belgium;BE234;3;Gent;
BE;Belgium;BE235;3;Oudenaarde;
BE;Belgium;BE236;3;Sint-Niklaas;
BE;Belgium;BE24;2;Vlaams-Brabant;
BE;Belgium;BE241;3;Halle-Vilvoorde;
BE;Belgium;BE242;3;Leuven;
BE;Belgium;BE25;2;West-Vlaanderen;
BE;Belgium;BE251;3;Brugge;
BE;Belgium;BE252;3;Diksmuide;
BE;Belgium;BE253;3;Ieper;
BE;Belgium;BE254;3;Kortrijk;
BE;Belgium;BE255;3;Oostende;
BE;Belgium;BE256;3;Roeselare;
BE;Belgium;BE257;3;Tielt;
BE;Belgium;BE258;3;Veurne;
BE;Belgium;BE3;1;Région wallonne;
BE;Belgium;BE31;2;Brabant Wallon;
BE;Belgium;BE310;3;Nivelles;
BE;Belgium;BE32;2;Hainaut;
BE;Belgium;BE321;3;Ath;
BE;Belgium;BE322;3;Charleroi;
BE;Belgium;BE323;3;Mons;
BE;Belgium;BE324;3;Mouscron;
BE;Belgium;BE325;3;Soignies;
BE;Belgium;BE326;3;Thuin;
BE;Belgium;BE327;3;Tournai;
BE;Belgium;BE33;2;Liège;
BE;Belgium;BE331;3;Huy;
BE;Belgium;BE332;3;Liège;
BE;Belgium;BE334;3;Waremme;
BE;Belgium;BE335;3;Verviers - communes francophones;
BE;Belgium;BE336;3;Bezirk Verviers - Deutschsprachige Gemeinschaft;
BE;Belgium;BE34;2;Luxembourg;
BE;Belgium;BE341;3;Arlon;
BE;Belgium;BE342;3;Bastogne;
BE;Belgium;BE343;3;Marche-en-Famenne;
BE;Belgium;BE344;3;Neufchâteau;
BE;Belgium;BE345;3;Virton;
BE;Belgium;BE35;2;Namur;
BE;Belgium;BE351;3;Dinant;
BE;Belgium;BE352;3;Namur;
BE;Belgium;BE353;3;Philippeville;
BG;Bulgaria;BG3;1;Severna i iztochna bulgaria;
BG;Bulgaria;BG31;2;Severozapaden;
BG;Bulgaria;BG311;3;Vidin;
BG;Bulgaria;BG312;3;Montana;
BG;Bulgaria;BG313;3;Vratsa;
BG;Bulgaria;BG314;3;Pleven;
BG;Bulgaria;BG315;3;Lovech;
BG;Bulgaria;BG32;2;Severen tsentralen;
BG;Bulgaria;BG321;3;Veliko Tarnovo;
BG;Bulgaria;BG322;3;Gabrovo;
BG;Bulgaria;BG323;3;Ruse;
BG;Bulgaria;BG324;3;Razgrad;
BG;Bulgaria;BG325;3;Silistra;
BG;Bulgaria;BG33;2;Severoiztochen;
BG;Bulgaria;BG331;3;Varna;
BG;Bulgaria;BG332;3;Dobrich;
BG;Bulgaria;BG333;3;Shumen;
BG;Bulgaria;BG334;3;Targovishte;
BG;Bulgaria;BG34;2;Yugoiztochen;
BG;Bulgaria;BG341;3;Burgas;
BG;Bulgaria;BG342;3;Sliven;
BG;Bulgaria;BG343;3;Yambol;
BG;Bulgaria;BG344;3;Stara Zagora;
BG;Bulgaria;BG4;1;Yugozapadna i yuzhna tsentralna bulgaria;
BG;Bulgaria;BG41;2;Yugozapaden;
BG;Bulgaria;BG411;3;Sofia (Stolitsa);
BG;Bulgaria;BG412;3;Sofia;
BG;Bulgaria;BG413;3;Blagoevgrad;
BG;Bulgaria;BG414;3;Pernik;
BG;Bulgaria;BG415;3;Kyustendil;
BG;Bulgaria;BG42;2;Yuzhen tsentralen;
BG;Bulgaria;BG421;3;Plovdiv;
BG;Bulgaria;BG422;3;Haskovo;
BG;Bulgaria;BG423;3;Pazardzhik;
BG;Bulgaria;BG424;3;Smolyan;
BG;Bulgaria;BG425;3;Kardzhali;
CH;Switzerland;CH0;1;Schweiz - Suisse - Svizzera;
CH;Switzerland;CH01;2;Région lémanique;
CH;Switzerland;CH011;3;Vaud;
CH;Switzerland;CH012;3;Valais;
CH;Switzerland;CH013;3;Genève;
CH;Switzerland;CH02;2;Espace Mittelland;
CH;Switzerland;CH021;3;Bern;
CH;Switzerland;CH022;3;Freiburg;
CH;Switzerland;CH023;3;Solothurn;
CH;Switzerland;CH024;3;Neuchâtel;
CH;Switzerland;CH025;3;Jura;
CH;Switzerland;CH03;2;Nordwestschweiz;
CH;Switzerland;CH031;3;Basel-Stadt;
CH;Switzerland;CH032;3;Basel-Landschaft;
CH;Switzerland;CH033;3;Aargau;
CH;Switzerland;CH04;2;Zürich;
CH;Switzerland;CH040;3;Zürich;
CH;Switzerland;CH05;2;Ostschweiz;
CH;Switzerland;CH051;3;Glarus;
CH;Switzerland;CH052;3;Schaffhausen;
CH;Switzerland;CH053;3;Appenzell Ausserrhoden;
CH;Switzerland;CH054;3;Appenzell Innerrhoden;
CH;Switzerland;CH055;3;St. Gallen;
CH;Switzerland;CH056;3;Graubünden;
CH;Switzerland;CH057;3;Thurgau;
CH;Switzerland;CH06;2;Zentralschweiz;
CH;Switzerland;CH061;3;Luzern;
CH;Switzerland;CH062;3;Uri;
CH;Switzerland;CH063;3;Schwyz;
CH;Switzerland;CH064;3;Obwalden;
CH;Switzerland;CH065;3;Nidwalden;
CH;Switzerland;CH066;3;Zug;
CH;Switzerland;CH07;2;Ticino;
CH;Switzerland;CH070;3;Ticino;
CY;Cyprus;CY0;1;Kypros / Kibris;
CY;Cyprus;CY00;2;Kypros / Kibris;
CY;Cyprus;CY000;3;Kypros / Kibris;
CZ;Czech Republic;CZ0;1;Ceska republika;
CZ;Czech Republic;CZ01;2;Praha;
CZ;Czech Republic;CZ010;3;Hlavni mesto Praha;
CZ;Czech Republic;CZ02;2;Stredni Cechy;
CZ;Czech Republic;CZ020;3;Stredocesky kraj;
CZ;Czech Republic;CZ03;2;Jihozapad;
CZ;Czech Republic;CZ031;3;Jihocesky kraj;
CZ;Czech Republic;CZ032;3;Plzensky kraj;
CZ;Czech Republic;CZ04;2;Severozapad;
CZ;Czech Republic;CZ041;3;Karlovarsky kraj;
CZ;Czech Republic;CZ042;3;Ustecky kraj;
CZ;Czech Republic;CZ05;2;Severovychod;
CZ;Czech Republic;CZ051;3;Liberecky kraj;
CZ;Czech Republic;CZ052;3;Kralovehradecky kraj;
CZ;Czech Republic;CZ053;3;Pardubicky kraj;
CZ;Czech Republic;CZ06;2;Jihovychod;
CZ;Czech Republic;CZ063;3;Vysocina;
CZ;Czech Republic;CZ064;3;Jihomoravsky kraj;
CZ;Czech Republic;CZ07;2;Stredni Morava;
CZ;Czech Republic;CZ071;3;Olomoucky kraj;
CZ;Czech Republic;CZ072;3;Zlinsky kraj;
CZ;Czech Republic;CZ08;2;Moravskoslezsko;
CZ;Czech Republic;CZ080;3;Moravskoslezsky kraj;
DE;Germany;DE1;1;Baden-Württemberg;
DE;Germany;DE11;2;Stuttgart;
DE;Germany;DE111;3;Stuttgart, Stadtkreis;
DE;Germany;DE112;3;Böblingen;
DE;Germany;DE113;3;Esslingen;
DE;Germany;DE114;3;Göppingen;
DE;Germany;DE115;3;Ludwigsburg;
DE;Germany;DE116;3;Rems-Murr-Kreis;
DE;Germany;DE117;3;Heilbronn, Stadtkreis;
DE;Germany;DE118;3;Heilbronn, Landkreis;
DE;Germany;DE119;3;Hohenlohekreis;
DE;Germany;DE11A;3;Schwäbisch Hall;
DE;Germany;DE11B;3;Main-Tauber-Kreis;
DE;Germany;DE11C;3;Heidenheim;
DE;Germany;DE11D;3;Ostalbkreis;
DE;Germany;DE12;2;Karlsruhe;
DE;Germany;DE121;3;Baden-Baden, Stadtkreis;
DE;Germany;DE122;3;Karlsruhe, Stadtkreis;
DE;Germany;DE123;3;Karlsruhe, Landkreis;
DE;Germany;DE124;3;Rastatt;
DE;Germany;DE125;3;Heidelberg, Stadtkreis;
DE;Germany;DE126;3;Mannheim, Stadtkreis;
DE;Germany;DE127;3;Neckar-Odenwald-Kreis;
DE;Germany;DE128;3;Rhein-Neckar-Kreis;
DE;Germany;DE129;3;Pforzheim, Stadtkreis;
DE;Germany;DE12A;3;Calw;
DE;Germany;DE12B;3;Enzkreis;
DE;Germany;DE12C;3;Freudenstadt;
DE;Germany;DE13;2;Freiburg;
DE;Germany;DE131;3;Freiburg im Breisgau, Stadtkreis;
DE;Germany;DE132;3;Breisgau-Hochschwarzwald;
DE;Germany;DE133;3;Emmendingen;
DE;Germany;DE134;3;Ortenaukreis;
DE;Germany;DE135;3;Rottweil;
DE;Germany;DE136;3;Schwarzwald-Baar-Kreis;
DE;Germany;DE137;3;Tuttlingen;
DE;Germany;DE138;3;Konstanz;
DE;Germany;DE139;3;Lörrach;
DE;Germany;DE13A;3;Waldshut;
DE;Germany;DE14;2;Tübingen;
DE;Germany;DE141;3;Reutlingen;
DE;Germany;DE142;3;Tübingen, Landkreis;
DE;Germany;DE143;3;Zollernalbkreis;
DE;Germany;DE144;3;Ulm, Stadtkreis;
DE;Germany;DE145;3;Alb-Donau-Kreis;
DE;Germany;DE146;3;Biberach;
DE;Germany;DE147;3;Bodenseekreis;
DE;Germany;DE148;3;Ravensburg;
DE;Germany;DE149;3;Sigmaringen;
DE;Germany;DE2;1;Bayern;
DE;Germany;DE21;2;Oberbayern;
DE;Germany;DE211;3;Ingolstadt, Kreisfreie Stadt;
DE;Germany;DE212;3;München, Kreisfreie Stadt;
DE;Germany;DE213;3;Rosenheim, Kreisfreie Stadt;
DE;Germany;DE214;3;Altötting;
DE;Germany;DE215;3;Berchtesgadener Land;
DE;Germany;DE216;3;Bad Tölz-Wolfratshausen;
DE;Germany;DE217;3;Dachau;
DE;Germany;DE218;3;Ebersberg;
DE;Germany;DE219;3;Eichstätt;
DE;Germany;DE21A;3;Erding;
DE;Germany;DE21B;3;Freising;
DE;Germany;DE21C;3;Fürstenfeldbruck;
DE;Germany;DE21D;3;Garmisch-Partenkirchen;
DE;Germany;DE21E;3;Landsberg a. Lech;
DE;Germany;DE21F;3;Miesbach;
DE;Germany;DE21G;3;Mühldorf a. Inn;
DE;Germany;DE21H;3;München, Landkreis;
DE;Germany;DE21I;3;Neuburg-Schrobenhausen;
DE;Germany;DE21J;3;Pfaffenhofen a. d. Ilm;
DE;Germany;DE21K;3;Rosenheim, Landkreis;
DE;Germany;DE21L;3;Starnberg;
DE;Germany;DE21M;3;Traunstein;
DE;Germany;DE21N;3;Weilheim-Schongau;
DE;Germany;DE22;2;Niederbayern;
DE;Germany;DE221;3;Landshut, Kreisfreie Stadt;
DE;Germany;DE222;3;Passau, Kreisfreie Stadt;
DE;Germany;DE223;3;Straubing, Kreisfreie Stadt;
DE;Germany;DE224;3;Deggendorf;
DE;Germany;DE225;3;Freyung-Grafenau;
DE;Germany;DE226;3;Kelheim;
DE;Germany;DE227;3;Landshut, Landkreis;
DE;Germany;DE228;3;Passau, Landkreis;
DE;Germany;DE229;3;Regen;
DE;Germany;DE22A;3;Rottal-Inn;
DE;Germany;DE22B;3;Straubing-Bogen;
DE;Germany;DE22C;3;Dingolfing-Landau;
DE;Germany;DE23;2;Oberpfalz;
DE;Germany;DE231;3;Amberg, Kreisfreie Stadt;
DE;Germany;DE232;3;Regensburg, Kreisfreie Stadt;
DE;Germany;DE233;3;Weiden i. d. Opf, Kreisfreie Stadt;
DE;Germany;DE234;3;Amberg-Sulzbach;
DE;Germany;DE235;3;Cham;
DE;Germany;DE236;3;Neumarkt i. d. OPf.;
DE;Germany;DE237;3;Neustadt a. d. Waldnaab;
DE;Germany;DE238;3;Regensburg, Landkreis;
DE;Germany;DE239;3;Schwandorf;
DE;Germany;DE23A;3;Tirschenreuth;
DE;Germany;DE24;2;Oberfranken;
DE;Germany;DE241;3;Bamberg, Kreisfreie Stadt;
DE;Germany;DE242;3;Bayreuth, Kreisfreie Stadt;
DE;Germany;DE243;3;Coburg, Kreisfreie Stadt;
DE;Germany;DE244;3;Hof, Kreisfreie Stadt;
DE;Germany;DE245;3;Bamberg, Landkreis;
DE;Germany;DE246;3;Bayreuth, Landkreis;
DE;Germany;DE247;3;Coburg, Landkreis;
DE;Germany;DE248;3;Forchheim;
DE;Germany;DE249;3;Hof, Landkreis;
DE;Germany;DE24A;3;Kronach;
DE;Germany;DE24B;3;Kulmbach;
DE;Germany;DE24C;3;Lichtenfels;
DE;Germany;DE24D;3;Wunsiedel i. Fichtelgebirge;
DE;Germany;DE25;2;Mittelfranken;
DE;Germany;DE251;3;Ansbach, Kreisfreie Stadt;
DE;Germany;DE252;3;Erlangen, Kreisfreie Stadt;
DE;Germany;DE253;3;Fürth, Kreisfreie Stadt;
DE;Germany;DE254;3;Nürnberg, Kreisfreie Stadt;
DE;Germany;DE255;3;Schwabach, Kreisfreie Stadt;
DE;Germany;DE256;3;Ansbach, Landkreis;
DE;Germany;DE257;3;Erlangen-Höchstadt;
DE;Germany;DE258;3;Fürth, Landkreis;
DE;Germany;DE259;3;Nürnberger Land;
DE;Germany;DE25A;3;Neustadt a. d. Aisch-Bad Windsheim;
DE;Germany;DE25B;3;Roth;
DE;Germany;DE25C;3;Weißenburg-Gunzenhausen;
DE;Germany;DE26;2;Unterfranken;
DE;Germany;DE261;3;Aschaffenburg, Kreisfreie Stadt;
DE;Germany;DE262;3;Schweinfurt, Kreisfreie Stadt;
DE;Germany;DE263;3;Würzburg, Kreisfreie Stadt;
DE;Germany;DE264;3;Aschaffenburg, Landkreis;
DE;Germany;DE265;3;Bad Kissingen;
DE;Germany;DE266;3;Rhön-Grabfeld;
DE;Germany;DE267;3;Haßberge;
DE;Germany;DE268;3;Kitzingen;
DE;Germany;DE269;3;Miltenberg;
DE;Germany;DE26A;3;Main-Spessart;
DE;Germany;DE26B;3;Schweinfurt, Landkreis;
DE;Germany;DE26C;3;Würzburg, Landkreis;
DE;Germany;DE27;2;Schwaben;
DE;Germany;DE271;3;Augsburg, Kreisfreie Stadt;
DE;Germany;DE272;3;Kaufbeuren, Kreisfreie Stadt;
DE;Germany;DE273;3;Kempten (Allgäu), Kreisfreie Stadt;
DE;Germany;DE274;3;Memmingen, Kreisfreie Stadt;
DE;Germany;DE275;3;Aichach-Friedberg;
DE;Germany;DE276;3;Augsburg, Landkreis;
DE;Germany;DE277;3;Dillingen a.d. Donau;
DE;Germany;DE278;3;Günzburg;
DE;Germany;DE279;3;Neu-Ulm;
DE;Germany;DE27A;3;Lindau (Bodensee);
DE;Germany;DE27B;3;Ostallgäu;
DE;Germany;DE27C;3;Unterallgäu;
DE;Germany;DE27D;3;Donau-Ries;
DE;Germany;DE27E;3;Oberallgäu;
DE;Germany;DE3;1;Berlin;
DE;Germany;DE30;2;Berlin;
DE;Germany;DE300;3;Berlin;
DE;Germany;DE4;1;Brandenburg;
DE;Germany;DE41;2;Brandenburg - Nordost;
DE;Germany;DE411;3;Frankfurt (Oder), Kreisfreie Stadt;
DE;Germany;DE412;3;Barnim;
DE;Germany;DE413;3;Märkisch-Oderland;
DE;Germany;DE414;3;Oberhavel;
DE;Germany;DE415;3;Oder-Spree;
DE;Germany;DE416;3;Ostprignitz-Ruppin;
DE;Germany;DE417;3;Prignitz;
DE;Germany;DE418;3;Uckermark;
DE;Germany;DE42;2;Brandenburg - Südwest;
DE;Germany;DE421;3;Brandenburg an der Havel, Kreisfreie Stadt;
DE;Germany;DE422;3;Cottbus, Kreisfreie Stadt;
DE;Germany;DE423;3;Potsdam, Kreisfreie Stadt;
DE;Germany;DE424;3;Dahme-Spreewald;
DE;Germany;DE425;3;Elbe-Elster;
DE;Germany;DE426;3;Havelland;
DE;Germany;DE427;3;Oberspreewald-Lausitz;
DE;Germany;DE428;3;Potsdam-Mittelmark;
DE;Germany;DE429;3;Spree-Neiße;
DE;Germany;DE42A;3;Teltow-Fläming;
DE;Germany;DE5;1;Bremen;
DE;Germany;DE50;2;Bremen;
DE;Germany;DE501;3;Bremen, Kreisfreie Stadt;
DE;Germany;DE502;3;Bremerhaven, Kreisfreie Stadt;
DE;Germany;DE6;1;Hamburg;
DE;Germany;DE60;2;Hamburg;
DE;Germany;DE600;3;Hamburg;
DE;Germany;DE7;1;Hessen;
DE;Germany;DE71;2;Darmstadt;
DE;Germany;DE711;3;Darmstadt, Kreisfreie Stadt;
DE;Germany;DE712;3;Frankfurt am Main, Kreisfreie Stadt;
DE;Germany;DE713;3;Offenbach am Main, Kreisfreie Stadt;
DE;Germany;DE714;3;Wiesbaden, Kreisfreie Stadt;
DE;Germany;DE715;3;Bergstraße;
DE;Germany;DE716;3;Darmstadt-Dieburg;
DE;Germany;DE717;3;Groß-Gerau;
DE;Germany;DE718;3;Hochtaunuskreis;
DE;Germany;DE719;3;Main-Kinzig-Kreis;
DE;Germany;DE71A;3;Main-Taunus-Kreis;
DE;Germany;DE71B;3;Odenwaldkreis;
DE;Germany;DE71C;3;Offenbach, Landkreis;
DE;Germany;DE71D;3;Rheingau-Taunus-Kreis;
DE;Germany;DE71E;3;Wetteraukreis;
DE;Germany;DE72;2;Gießen;
DE;Germany;DE721;3;Gießen, Landkreis;
DE;Germany;DE722;3;Lahn-Dill-Kreis;
DE;Germany;DE723;3;Limburg-Weilburg;
DE;Germany;DE724;3;Marburg-Biedenkopf;
DE;Germany;DE725;3;Vogelsbergkreis;
DE;Germany;DE73;2;Kassel;
DE;Germany;DE731;3;Kassel, Kreisfreie Stadt;
DE;Germany;DE732;3;Fulda;
DE;Germany;DE733;3;Hersfeld-Rotenburg;
DE;Germany;DE734;3;Kassel, Landkreis;
DE;Germany;DE735;3;Schwalm-Eder-Kreis;
DE;Germany;DE736;3;Waldeck-Frankenberg;
DE;Germany;DE737;3;Werra-Meißner-Kreis;
DE;Germany;DE8;1;Mecklenburg-Vorpommern;
DE;Germany;DE80;2;Mecklenburg-Vorpommern;
DE;Germany;DE801;3;Greifswald, Kreisfreie Stadt;
DE;Germany;DE802;3;Neubrandenburg, Kreisfreie Stadt;
DE;Germany;DE803;3;Rostock, Kreisfreie Stadt;
DE;Germany;DE804;3;Schwerin, Kreisfreie Stadt;
DE;Germany;DE805;3;Stralsund, Kreisfreie Stadt;
DE;Germany;DE806;3;Wismar, Kreisfreie Stadt;
DE;Germany;DE807;3;Bad Doberan;
DE;Germany;DE808;3;Demmin;
DE;Germany;DE809;3;Güstrow;
DE;Germany;DE80A;3;Ludwigslust;
DE;Germany;DE80B;3;Mecklenburg-Strelitz;
DE;Germany;DE80C;3;Müritz;
DE;Germany;DE80D;3;Nordvorpommern;
DE;Germany;DE80E;3;Nordwestmecklenburg;
DE;Germany;DE80F;3;Ostvorpommern;
DE;Germany;DE80G;3;Parchim;
DE;Germany;DE80H;3;Rügen;
DE;Germany;DE80I;3;Uecker-Randow;
DE;Germany;DE9;1;Niedersachsen;
DE;Germany;DE91;2;Braunschweig;
DE;Germany;DE911;3;Braunschweig, Kreisfreie Stadt;
DE;Germany;DE912;3;Salzgitter, Kreisfreie Stadt;
DE;Germany;DE913;3;Wolfsburg, Kreisfreie Stadt;
DE;Germany;DE914;3;Gifhorn;
DE;Germany;DE915;3;Göttingen;
DE;Germany;DE916;3;Goslar;
DE;Germany;DE917;3;Helmstedt;
DE;Germany;DE918;3;Northeim;
DE;Germany;DE919;3;Osterode am Harz;
DE;Germany;DE91A;3;Peine;
DE;Germany;DE91B;3;Wolfenbüttel;
DE;Germany;DE92;2;Hannover;
DE;Germany;DE922;3;Diepholz;
DE;Germany;DE923;3;Hameln-Pyrmont;
DE;Germany;DE925;3;Hildesheim;
DE;Germany;DE926;3;Holzminden;
DE;Germany;DE927;3;Nienburg (Weser);
DE;Germany;DE928;3;Schaumburg;
DE;Germany;DE929;3;Region Hannover;
DE;Germany;DE93;2;Lüneburg;
DE;Germany;DE931;3;Celle;
DE;Germany;DE932;3;Cuxhaven;
DE;Germany;DE933;3;Harburg;
DE;Germany;DE934;3;Lüchow-Dannenberg;
DE;Germany;DE935;3;Lüneburg, Landkreis;
DE;Germany;DE936;3;Osterholz;
DE;Germany;DE937;3;Rotenburg (Wümme);
DE;Germany;DE938;3;Soltau-Fallingbostel;
DE;Germany;DE939;3;Stade;
DE;Germany;DE93A;3;Uelzen;
DE;Germany;DE93B;3;Verden;
DE;Germany;DE94;2;Weser-Ems;
DE;Germany;DE941;3;Delmenhorst, Kreisfreie Stadt;
DE;Germany;DE942;3;Emden, Kreisfreie Stadt;
DE;Germany;DE943;3;Oldenburg (Oldenburg), Kreisfreie Stadt;
DE;Germany;DE944;3;Osnabrück, Kreisfreie Stadt;
DE;Germany;DE945;3;Wilhelmshaven, Kreisfreie Stadt;
DE;Germany;DE946;3;Ammerland;
DE;Germany;DE947;3;Aurich;
DE;Germany;DE948;3;Cloppenburg;
DE;Germany;DE949;3;Emsland;
DE;Germany;DE94A;3;Friesland;
DE;Germany;DE94B;3;Grafschaft Bentheim;
DE;Germany;DE94C;3;Leer;
DE;Germany;DE94D;3;Oldenburg, Landkreis;
DE;Germany;DE94E;3;Osnabrück, Landkreis;
DE;Germany;DE94F;3;Vechta;
DE;Germany;DE94G;3;Wesermarsch;
DE;Germany;DE94H;3;Wittmund;
DE;Germany;DEA;1;Nordrhein-Westfalen;
DE;Germany;DEA1;2;Düsseldorf;
DE;Germany;DEA11;3;Düsseldorf, Kreisfreie Stadt;
DE;Germany;DEA12;3;Duisburg, Kreisfreie Stadt;
DE;Germany;DEA13;3;Essen, Kreisfreie Stadt;
DE;Germany;DEA14;3;Krefeld, Kreisfreie Stadt;
DE;Germany;DEA15;3;Mönchengladbach, Kreisfreie Stadt;
DE;Germany;DEA16;3;Mülheim an der Ruhr,Kreisfreie Stadt;
DE;Germany;DEA17;3;Oberhausen, Kreisfreie Stadt;
DE;Germany;DEA18;3;Remscheid, Kreisfreie Stadt;
DE;Germany;DEA19;3;Solingen, Kreisfreie Stadt;
DE;Germany;DEA1A;3;Wuppertal, Kreisfreie Stadt;
DE;Germany;DEA1B;3;Kleve;
DE;Germany;DEA1C;3;Mettmann;
DE;Germany;DEA1D;3;Rhein-Kreis Neuss;
DE;Germany;DEA1E;3;Viersen;
DE;Germany;DEA1F;3;Wesel;
DE;Germany;DEA2;2;Köln;
DE;Germany;DEA21;3;Aachen, Kreisfreie Stadt;
DE;Germany;DEA22;3;Bonn, Kreisfreie Stadt;
DE;Germany;DEA23;3;Köln, Kreisfreie Stadt;
DE;Germany;DEA24;3;Leverkusen, Kreisfreie Stadt;
DE;Germany;DEA25;3;Aachen, Kreis;
DE;Germany;DEA26;3;Düren;
DE;Germany;DEA27;3;Rhein-Erft-Kreis;
DE;Germany;DEA28;3;Euskirchen;
DE;Germany;DEA29;3;Heinsberg;
DE;Germany;DEA2A;3;Oberbergischer Kreis;
DE;Germany;DEA2B;3;Rheinisch-Bergischer Kreis;
DE;Germany;DEA2C;3;Rhein-Sieg-Kreis;
DE;Germany;DEA3;2;Münster;
DE;Germany;DEA31;3;Bottrop, Kreisfreie Stadt;
DE;Germany;DEA32;3;Gelsenkirchen, Kreisfreie Stadt;
DE;Germany;DEA33;3;Münster, Kreisfreie Stadt;
DE;Germany;DEA34;3;Borken;
DE;Germany;DEA35;3;Coesfeld;
DE;Germany;DEA36;3;Recklinghausen;
DE;Germany;DEA37;3;Steinfurt;
DE;Germany;DEA38;3;Warendorf;
DE;Germany;DEA4;2;Detmold;
DE;Germany;DEA41;3;Bielefeld, Kreisfreie Stadt;
DE;Germany;DEA42;3;Gütersloh;
DE;Germany;DEA43;3;Herford;
DE;Germany;DEA44;3;Höxter;
DE;Germany;DEA45;3;Lippe;
DE;Germany;DEA46;3;Minden-Lübbecke;
DE;Germany;DEA47;3;Paderborn;
DE;Germany;DEA5;2;Arnsberg;
DE;Germany;DEA51;3;Bochum, Kreisfreie Stadt;
DE;Germany;DEA52;3;Dortmund, Kreisfreie Stadt;
DE;Germany;DEA53;3;Hagen, Kreisfreie Stadt;
DE;Germany;DEA54;3;Hamm, Kreisfreie Stadt;
DE;Germany;DEA55;3;Herne, Kreisfreie Stadt;
DE;Germany;DEA56;3;Ennepe-Ruhr-Kreis;
DE;Germany;DEA57;3;Hochsauerlandkreis;
DE;Germany;DEA58;3;Märkischer Kreis;
DE;Germany;DEA59;3;Olpe;
DE;Germany;DEA5A;3;Siegen-Wittgenstein;
DE;Germany;DEA5B;3;Soest;
DE;Germany;DEA5C;3;Unna;
DE;Germany;DEB;1;Rheinland-Pfalz;
DE;Germany;DEB1;2;Koblenz;
DE;Germany;DEB11;3;Koblenz, Kreisfreie Stadt;
DE;Germany;DEB12;3;Ahrweiler;
DE;Germany;DEB13;3;Altenkirchen (Westerwald);
DE;Germany;DEB14;3;Bad Kreuznach;
DE;Germany;DEB15;3;Birkenfeld;
DE;Germany;DEB16;3;Cochem-Zell;
DE;Germany;DEB17;3;Mayen-Koblenz;
DE;Germany;DEB18;3;Neuwied;
DE;Germany;DEB19;3;Rhein-Hunsrück-Kreis;
DE;Germany;DEB1A;3;Rhein-Lahn-Kreis;
DE;Germany;DEB1B;3;Westerwaldkreis;
DE;Germany;DEB2;2;Trier;
DE;Germany;DEB21;3;Trier, Kreisfreie Stadt;
DE;Germany;DEB22;3;Bernkastel-Wittlich;
DE;Germany;DEB23;3;Bitburg-Prüm;
DE;Germany;DEB24;3;Daun;
DE;Germany;DEB25;3;Trier-Saarburg;
DE;Germany;DEB3;2;Rheinhessen-Pfalz;
DE;Germany;DEB31;3;Frankenthal (Pfalz), Kreisfreie Stadt;
DE;Germany;DEB32;3;Kaiserslautern, Kreisfreie Stadt;
DE;Germany;DEB33;3;Landau in der Pfalz, Kreisfreie Stadt;
DE;Germany;DEB34;3;Ludwigshafen am Rhein, Kreisfreie Stadt;
DE;Germany;DEB35;3;Mainz, Kreisfreie Stadt;
DE;Germany;DEB36;3;Neustadt an der Weinstraße, Kreisfreie Stadt;
DE;Germany;DEB37;3;Pirmasens, Kreisfreie Stadt;
DE;Germany;DEB38;3;Speyer, Kreisfreie Stadt;
DE;Germany;DEB39;3;Worms, Kreisfreie Stadt;
DE;Germany;DEB3A;3;Zweibrücken, Kreisfreie Stadt;
DE;Germany;DEB3B;3;Alzey-Worms;
DE;Germany;DEB3C;3;Bad Dürkheim;
DE;Germany;DEB3D;3;Donnersbergkreis;
DE;Germany;DEB3E;3;Germersheim;
DE;Germany;DEB3F;3;Kaiserslautern, Landkreis;
DE;Germany;DEB3G;3;Kusel;
DE;Germany;DEB3H;3;Südliche Weinstraße;
DE;Germany;DEB3I;3;Rhein-Pfalz-Kreis;
DE;Germany;DEB3J;3;Mainz-Bingen;
DE;Germany;DEB3K;3;Südwestpfalz;
DE;Germany;DEC;1;Saarland;
DE;Germany;DEC0;2;Saarland;
DE;Germany;DEC01;3;Stadtverband Saarbrücken;
DE;Germany;DEC02;3;Merzig-Wadern;
DE;Germany;DEC03;3;Neunkirchen;
DE;Germany;DEC04;3;Saarlouis;
DE;Germany;DEC05;3;Saarpfalz-Kreis;
DE;Germany;DEC06;3;St. Wendel;
DE;Germany;DED;1;Sachsen;
DE;Germany;DED1;2;Chemnitz;
DE;Germany;DED11;3;Chemnitz, Kreisfreie Stadt;
DE;Germany;DED12;3;Plauen, Kreisfreie Stadt;
DE;Germany;DED13;3;Zwickau, Kreisfreie Stadt;
DE;Germany;DED14;3;Annaberg;
DE;Germany;DED15;3;Chemnitzer Land;
DE;Germany;DED16;3;Freiberg;
DE;Germany;DED17;3;Vogtlandkreis;
DE;Germany;DED18;3;Mittlerer Erzgebirgskreis;
DE;Germany;DED19;3;Mittweida;
DE;Germany;DED1A;3;Stollberg;
DE;Germany;DED1B;3;Aue-Schwarzenberg;
DE;Germany;DED1C;3;Zwickauer Land;
DE;Germany;DED2;2;Dresden;
DE;Germany;DED21;3;Dresden, Kreisfreie Stadt;
DE;Germany;DED22;3;Görlitz, Kreisfreie Stadt;
DE;Germany;DED23;3;Hoyerswerda, Kreisfreie Stadt;
DE;Germany;DED24;3;Bautzen;
DE;Germany;DED25;3;Meißen;
DE;Germany;DED26;3;Niederschlesischer Oberlausitzkreis;
DE;Germany;DED27;3;Riesa-Großenhain;
DE;Germany;DED28;3;Löbau-Zittau;
DE;Germany;DED29;3;Sächsische Schweiz;
DE;Germany;DED2A;3;Weißeritzkreis;
DE;Germany;DED2B;3;Kamenz;
DE;Germany;DED3;2;Leipzig;
DE;Germany;DED31;3;Leipzig, Kreisfreie Stadt;
DE;Germany;DED32;3;Delitzsch;
DE;Germany;DED33;3;Döbeln;
DE;Germany;DED34;3;Leipziger Land;
DE;Germany;DED35;3;Muldentalkreis;
DE;Germany;DED36;3;Torgau-Oschatz;
DE;Germany;DEE;1;Sachsen-Anhalt;
DE;Germany;DEE0;2;Sachsen-Anhalt;
DE;Germany;DEE01;3;Dessau-Roßlau, Kreisfreie Stadt;
DE;Germany;DEE02;3;Halle (Saale), Kreisfreie Stadt;
DE;Germany;DEE03;3;Magdeburg, Kreisfreie Stadt;
DE;Germany;DEE04;3;Altmarkkreis Salzwedel;
DE;Germany;DEE05;3;Anhalt-Bitterfeld;
DE;Germany;DEE06;3;Jerichower Land;
DE;Germany;DEE07;3;Börde;
DE;Germany;DEE08;3;Burgenland;
DE;Germany;DEE09;3;Harz;
DE;Germany;DEE0A;3;Mansfeld-Südharz;
DE;Germany;DEE0B;3;Saalekreis;
DE;Germany;DEE0C;3;Salzland;
DE;Germany;DEE0D;3;Stendal;
DE;Germany;DEE0E;3;Wittenberg;
DE;Germany;DEF;1;Schleswig-Holstein;
DE;Germany;DEF0;2;Schleswig-Holstein;
DE;Germany;DEF01;3;Flensburg, Kreisfreie Stadt;
DE;Germany;DEF02;3;Kiel, Kreisfreie Stadt;
DE;Germany;DEF03;3;Lübeck, Kreisfreie Stadt;
DE;Germany;DEF04;3;Neumünster, Kreisfreie Stadt;
DE;Germany;DEF05;3;Dithmarschen;
DE;Germany;DEF06;3;Herzogtum Lauenburg;
DE;Germany;DEF07;3;Nordfriesland;
DE;Germany;DEF08;3;Ostholstein;
DE;Germany;DEF09;3;Pinneberg;
DE;Germany;DEF0A;3;Plön;
DE;Germany;DEF0B;3;Rendsburg-Eckernförde;
DE;Germany;DEF0C;3;Schleswig-Flensburg;
DE;Germany;DEF0D;3;Segeberg;
DE;Germany;DEF0E;3;Steinburg;
DE;Germany;DEF0F;3;Stormarn;
DE;Germany;DEG;1;Thüringen;
DE;Germany;DEG0;2;Thüringen;
DE;Germany;DEG01;3;Erfurt, Kreisfreie Stadt;
DE;Germany;DEG02;3;Gera, Kreisfreie Stadt;
DE;Germany;DEG03;3;Jena, Kreisfreie Stadt;
DE;Germany;DEG04;3;Suhl, Kreisfreie Stadt;
DE;Germany;DEG05;3;Weimar, Kreisfreie Stadt;
DE;Germany;DEG06;3;Eichsfeld;
DE;Germany;DEG07;3;Nordhausen;
DE;Germany;DEG09;3;Unstrut-Hainich-Kreis;
DE;Germany;DEG0A;3;Kyffhäuserkreis;
DE;Germany;DEG0B;3;Schmalkalden-Meiningen;
DE;Germany;DEG0C;3;Gotha;
DE;Germany;DEG0D;3;Sömmerda;
DE;Germany;DEG0E;3;Hildburghausen;
DE;Germany;DEG0F;3;Ilm-Kreis;
DE;Germany;DEG0G;3;Weimarer Land;
DE;Germany;DEG0H;3;Sonneberg;
DE;Germany;DEG0I;3;Saalfeld-Rudolstadt;
DE;Germany;DEG0J;3;Saale-Holzland-Kreis;
DE;Germany;DEG0K;3;Saale-Orla-Kreis;
DE;Germany;DEG0L;3;Greiz;
DE;Germany;DEG0M;3;Altenburger Land;
DE;Germany;DEG0N;3;Eisenach, Kreisfreie Stadt;
DE;Germany;DEG0P;3;Wartburgkreis;
DK;Denmark;DK0;1;Danmark;
DK;Denmark;DK01;2;Hovedstaden;
DK;Denmark;DK011;3;Byen København;
DK;Denmark;DK012;3;Københavns omegn;
DK;Denmark;DK013;3;Nordsjælland;
DK;Denmark;DK014;3;Bornholm;
DK;Denmark;DK02;2;Sjælland;
DK;Denmark;DK021;3;Østsjælland;
DK;Denmark;DK022;3;Vest- og Sydsjælland;
DK;Denmark;DK03;2;Syddanmark;
DK;Denmark;DK031;3;Fyn;
DK;Denmark;DK032;3;Sydjylland;
DK;Denmark;DK04;2;Midtjylland;
DK;Denmark;DK041;3;Vestjylland;
DK;Denmark;DK042;3;Østjylland;
DK;Denmark;DK05;2;Nordjylland;
DK;Denmark;DK050;3;Nordjylland;
EE;Estonia;EE0;1;Eesti;
EE;Estonia;EE00;2;Eesti;
EE;Estonia;EE001;3;Põhja-Eesti;
EE;Estonia;EE004;3;Lääne-Eesti;
EE;Estonia;EE006;3;Kesk-Eesti;
EE;Estonia;EE007;3;Kirde-Eesti;
EE;Estonia;EE008;3;Lõuna-Eesti;
ES;Spain;ES1;1;Noroeste;
ES;Spain;ES11;2;Galicia;
ES;Spain;ES111;3;A Coruña;
ES;Spain;ES112;3;Lugo;
ES;Spain;ES113;3;Ourense;
ES;Spain;ES114;3;Pontevedra;
ES;Spain;ES12;2;Principado de Asturias;
ES;Spain;ES120;3;Asturias;
ES;Spain;ES13;2;Cantabria;
ES;Spain;ES130;3;Cantabria;
ES;Spain;ES2;1;Noreste;
ES;Spain;ES21;2;País Vasco;
ES;Spain;ES211;3;Álava;
ES;Spain;ES212;3;Guipúzcoa;
ES;Spain;ES213;3;Vizcaya;
ES;Spain;ES22;2;Comunidad Foral de Navarra;
ES;Spain;ES220;3;Navarra;
ES;Spain;ES23;2;La Rioja;
ES;Spain;ES230;3;La Rioja;
ES;Spain;ES24;2;Aragón;
ES;Spain;ES241;3;Huesca;
ES;Spain;ES242;3;Teruel;
ES;Spain;ES243;3;Zaragoza;
ES;Spain;ES3;1;Comunidad de Madrid;
ES;Spain;ES30;2;Comunidad de Madrid;
ES;Spain;ES300;3;Madrid;
ES;Spain;ES4;1;Centro;
ES;Spain;ES41;2;Castilla y León;
ES;Spain;ES411;3;Ávila;
ES;Spain;ES412;3;Burgos;
ES;Spain;ES413;3;León;
ES;Spain;ES414;3;Palencia;
ES;Spain;ES415;3;Salamanca;
ES;Spain;ES416;3;Segovia;
ES;Spain;ES417;3;Soria;
ES;Spain;ES418;3;Valladolid;
ES;Spain;ES419;3;Zamora;
ES;Spain;ES42;2;Castilla-La Mancha;
ES;Spain;ES421;3;Albacete;
ES;Spain;ES422;3;Ciudad Real;
ES;Spain;ES423;3;Cuenca;
ES;Spain;ES424;3;Guadalajara;
ES;Spain;ES425;3;Toledo;
ES;Spain;ES43;2;Extremadura;
ES;Spain;ES431;3;Badajoz;
ES;Spain;ES432;3;Cáceres;
ES;Spain;ES5;1;Este;
ES;Spain;ES51;2;Cataluña;
ES;Spain;ES511;3;Barcelona;
ES;Spain;ES512;3;Girona;
ES;Spain;ES513;3;Lleida;
ES;Spain;ES514;3;Tarragona;
ES;Spain;ES52;2;Comunidad Valenciana;
ES;Spain;ES521;3;Alicante / Alacant;
ES;Spain;ES522;3;Castellón / Castelló;
ES;Spain;ES523;3;Valencia / València;
ES;Spain;ES53;2;Illes Balears;
ES;Spain;ES531;3;Eivissa y Formentera;
ES;Spain;ES532;3;Mallorca;
ES;Spain;ES533;3;Menorca;
ES;Spain;ES6;1;Sur;
ES;Spain;ES61;2;Andalucía;
ES;Spain;ES611;3;Almería;
ES;Spain;ES612;3;Cádiz;
ES;Spain;ES613;3;Córdoba;
ES;Spain;ES614;3;Granada;
ES;Spain;ES615;3;Huelva;
ES;Spain;ES616;3;Jaén;
ES;Spain;ES617;3;Málaga;
ES;Spain;ES618;3;Sevilla;
ES;Spain;ES62;2;Región de Murcia;
ES;Spain;ES620;3;Murcia;
ES;Spain;ES63;2;Ciudad Autónoma de Ceuta;
ES;Spain;ES630;3;Ceuta;
ES;Spain;ES64;2;Ciudad Autónoma de Melilla;
ES;Spain;ES640;3;Melilla;
ES;Spain;ES7;1;Canarias;
ES;Spain;ES70;2;Canarias;
ES;Spain;ES703;3;El Hierro;
ES;Spain;ES704;3;Fuerteventura;
ES;Spain;ES705;3;Gran Canaria;
ES;Spain;ES706;3;La Gomera;
ES;Spain;ES707;3;La Palma;
ES;Spain;ES708;3;Lanzarote;
ES;Spain;ES709;3;Tenerife;
FI;Finland;FI1;1;Manner-Suomi;
FI;Finland;FI13;2;Itä-Suomi;
FI;Finland;FI131;3;Etelä-Savo;
FI;Finland;FI132;3;Pohjois-Savo;
FI;Finland;FI133;3;Pohjois-Karjala;
FI;Finland;FI134;3;Kainuu;
FI;Finland;FI18;2;Etelä-Suomi;
FI;Finland;FI181;3;Uusimaa;
FI;Finland;FI182;3;Itä-Uusimaa;
FI;Finland;FI183;3;Varsinais-Suomi;
FI;Finland;FI184;3;Kanta-Häme;
FI;Finland;FI185;3;Päijät-Häme;
FI;Finland;FI186;3;Kymenlaakso;
FI;Finland;FI187;3;Etelä-Karjala;
FI;Finland;FI19;2;Länsi-Suomi;
FI;Finland;FI193;3;Keski-Suomi;
FI;Finland;FI194;3;Etelä-Pohjanmaa;
FI;Finland;FI195;3;Pohjanmaa;
FI;Finland;FI196;3;Satakunta;
FI;Finland;FI197;3;Pirkanmaa;
FI;Finland;FI1A;2;Pohjois-Suomi;
FI;Finland;FI1A1;3;Keski-Pohjanmaa;
FI;Finland;FI1A2;3;Pohjois-Pohjanmaa;
FI;Finland;FI1A3;3;Lappi;
FI;Finland;FI2;1;Åland;
FI;Finland;FI20;2;Åland;
FI;Finland;FI200;3;Åland;
FR;France;FR1;1;Île de france;
FR;France;FR10;2;Île de France;
FR;France;FR101;3;Paris;
FR;France;FR102;3;Seine-et-Marne;
FR;France;FR103;3;Yvelines;
FR;France;FR104;3;Essonne;
FR;France;FR105;3;Hauts-de-Seine;
FR;France;FR106;3;Seine-Saint-Denis;
FR;France;FR107;3;Val-de-Marne;
FR;France;FR108;3;Val-d'Oise;
FR;France;FR2;1;Bassin parisien;
FR;France;FR21;2;Champagne-Ardenne;
FR;France;FR211;3;Ardennes;
FR;France;FR212;3;Aube;
FR;France;FR213;3;Marne;
FR;France;FR214;3;Haute-Marne;
FR;France;FR22;2;Picardie;
FR;France;FR221;3;Aisne;
FR;France;FR222;3;Oise;
FR;France;FR223;3;Somme;
FR;France;FR23;2;Haute-Normandie;
FR;France;FR231;3;Eure;
FR;France;FR232;3;Seine-Maritime;
FR;France;FR24;2;Centre;
FR;France;FR241;3;Cher;
FR;France;FR242;3;Eure-et-Loir;
FR;France;FR243;3;Indre;
FR;France;FR244;3;Indre-et-Loire;
FR;France;FR245;3;Loir-et-Cher;
FR;France;FR246;3;Loiret;
FR;France;FR25;2;Basse-Normandie;
FR;France;FR251;3;Calvados;
FR;France;FR252;3;Manche;
FR;France;FR253;3;Orne;
FR;France;FR26;2;Bourgogne;
FR;France;FR261;3;Côte-d'Or;
FR;France;FR262;3;Nièvre;
FR;France;FR263;3;Saône-et-Loire;
FR;France;FR264;3;Yonne;
FR;France;FR3;1;Nord-Pas-de-Calais;
FR;France;FR30;2;Nord - Pas-de-Calais;
FR;France;FR301;3;Nord;
FR;France;FR302;3;Pas-de-Calais;
FR;France;FR4;1;Est;
FR;France;FR41;2;Lorraine;
FR;France;FR411;3;Meurthe-et-Moselle;
FR;France;FR412;3;Meuse;
FR;France;FR413;3;Moselle;
FR;France;FR414;3;Vosges;
FR;France;FR42;2;Alsace;
FR;France;FR421;3;Bas-Rhin;
FR;France;FR422;3;Haut-Rhin;
FR;France;FR43;2;Franche-Comté;
FR;France;FR431;3;Doubs;
FR;France;FR432;3;Jura;
FR;France;FR433;3;Haute-Saône;
FR;France;FR434;3;Territoire de Belfort;
FR;France;FR5;1;Ouest;
FR;France;FR51;2;Pays de la Loire;
FR;France;FR511;3;Loire-Atlantique;
FR;France;FR512;3;Maine-et-Loire;
FR;France;FR513;3;Mayenne;
FR;France;FR514;3;Sarthe;
FR;France;FR515;3;Vendée;
FR;France;FR52;2;Bretagne;
FR;France;FR521;3;Côtes-d'Armor;
FR;France;FR522;3;Finistère;
FR;France;FR523;3;Ille-et-Vilaine;
FR;France;FR524;3;Morbihan;
FR;France;FR53;2;Poitou-Charentes;
FR;France;FR531;3;Charente;
FR;France;FR532;3;Charente-Maritime;
FR;France;FR533;3;Deux-Sèvres;
FR;France;FR534;3;Vienne;
FR;France;FR6;1;Sud-Ouest;
FR;France;FR61;2;Aquitaine;
FR;France;FR611;3;Dordogne;
FR;France;FR612;3;Gironde;
FR;France;FR613;3;Landes;
FR;France;FR614;3;Lot-et-Garonne;
FR;France;FR615;3;Pyrénées-Atlantiques;
FR;France;FR62;2;Midi-Pyrénées;
FR;France;FR621;3;Ariège;
FR;France;FR622;3;Aveyron;
FR;France;FR623;3;Haute-Garonne;
FR;France;FR624;3;Gers;
FR;France;FR625;3;Lot;
FR;France;FR626;3;Hautes-Pyrénées;
FR;France;FR627;3;Tarn;
FR;France;FR628;3;Tarn-et-Garonne;
FR;France;FR63;2;Limousin;
FR;France;FR631;3;Corrèze;
FR;France;FR632;3;Creuse;
FR;France;FR633;3;Haute-Vienne;
FR;France;FR7;1;Centre-Est;
FR;France;FR71;2;Rhône-Alpes;
FR;France;FR711;3;Ain;
FR;France;FR712;3;Ardèche;
FR;France;FR713;3;Drôme;
FR;France;FR714;3;Isère;
FR;France;FR715;3;Loire;
FR;France;FR716;3;Rhône;
FR;France;FR717;3;Savoie;
FR;France;FR718;3;Haute-Savoie;
FR;France;FR72;2;Auvergne;
FR;France;FR721;3;Allier;
FR;France;FR722;3;Cantal;
FR;France;FR723;3;Haute-Loire;
FR;France;FR724;3;Puy-de-Dôme;
FR;France;FR8;1;Méditerranée;
FR;France;FR81;2;Languedoc-Roussillon;
FR;France;FR811;3;Aude;
FR;France;FR812;3;Gard;
FR;France;FR813;3;Hérault;
FR;France;FR814;3;Lozère;
FR;France;FR815;3;Pyrénées-Orientales;
FR;France;FR82;2;Provence-Alpes-Côte d'Azur;
FR;France;FR821;3;Alpes-de-Haute-Provence;
FR;France;FR822;3;Hautes-Alpes;
FR;France;FR823;3;Alpes-Maritimes;
FR;France;FR824;3;Bouches-du-Rhône;
FR;France;FR825;3;Var;
FR;France;FR826;3;Vaucluse;
FR;France;FR83;2;Corse;
FR;France;FR831;3;Corse-du-Sud;
FR;France;FR832;3;Haute-Corse;
FR;France;FR9;1;Départements d'Outre-Mer;
FR;France;FR91;2;Guadeloupe;
FR;France;FR910;3;Guadeloupe;
FR;France;FR92;2;Martinique;
FR;France;FR920;3;Martinique;
FR;France;FR93;2;Guyane;
FR;France;FR930;3;Guyane;
FR;France;FR94;2;Réunion;
FR;France;FR940;3;Réunion;
GR;Greece;GR1;1;Voreia ellada;
GR;Greece;GR11;2;Anatoliki Makedonia, Thraki;
GR;Greece;GR111;3;Evros;
GR;Greece;GR112;3;Xanthi;
GR;Greece;GR113;3;Rodopi;
GR;Greece;GR114;3;Drama;
GR;Greece;GR115;3;Kavala;
GR;Greece;GR12;2;Kentriki Makedonia;
GR;Greece;GR121;3;Imathia;
GR;Greece;GR122;3;Thessaloniki;
GR;Greece;GR123;3;Kilkis;
GR;Greece;GR124;3;Pella;
GR;Greece;GR125;3;Pieria;
GR;Greece;GR126;3;Serres;
GR;Greece;GR127;3;Chalkidiki;
GR;Greece;GR13;2;Dytiki Makedonia;
GR;Greece;GR131;3;Grevena;
GR;Greece;GR132;3;Kastoria;
GR;Greece;GR133;3;Kozani;
GR;Greece;GR134;3;Florina;
GR;Greece;GR14;2;Thessalia;
GR;Greece;GR141;3;Karditsa;
GR;Greece;GR142;3;Larisa;
GR;Greece;GR143;3;Magnisia;
GR;Greece;GR144;3;Trikala;
GR;Greece;GR2;1;Kentriki ellada;
GR;Greece;GR21;2;Ipeiros;
GR;Greece;GR211;3;Arta;
GR;Greece;GR212;3;Thesprotia;
GR;Greece;GR213;3;Ioannina;
GR;Greece;GR214;3;Preveza;
GR;Greece;GR22;2;Ionia Nisia;
GR;Greece;GR221;3;Zakynthos;
GR;Greece;GR222;3;Kerkyra;
GR;Greece;GR223;3;Kefallinia;
GR;Greece;GR224;3;Lefkada;
GR;Greece;GR23;2;Dytiki Ellada;
GR;Greece;GR231;3;Aitoloakarnania;
GR;Greece;GR232;3;Achaia;
GR;Greece;GR233;3;Ileia;
GR;Greece;GR24;2;Sterea Ellada;
GR;Greece;GR241;3;Voiotia;
GR;Greece;GR242;3;Evvoia;
GR;Greece;GR243;3;Evrytania;
GR;Greece;GR244;3;Fthiotida;
GR;Greece;GR245;3;Fokida;
GR;Greece;GR25;2;Peloponnisos;
GR;Greece;GR251;3;Argolida;
GR;Greece;GR252;3;Arkadia;
GR;Greece;GR253;3;Korinthia;
GR;Greece;GR254;3;Lakonia;
GR;Greece;GR255;3;Messinia;
GR;Greece;GR3;1;Attiki;
GR;Greece;GR30;2;Attiki;
GR;Greece;GR300;3;Attiki;
GR;Greece;GR4;1;Nisia aigaiou, Kriti;
GR;Greece;GR41;2;Voreio Aigaio;
GR;Greece;GR411;3;Lesvos;
GR;Greece;GR412;3;Samos;
GR;Greece;GR413;3;Chios;
GR;Greece;GR42;2;Notio Aigaio;
GR;Greece;GR421;3;Dodekanisos;
GR;Greece;GR422;3;Kyklades;
GR;Greece;GR43;2;Kriti;
GR;Greece;GR431;3;Irakleio;
GR;Greece;GR432;3;Lasithi;
GR;Greece;GR433;3;Rethymni;
GR;Greece;GR434;3;Chania;
HR;Croatia;HR0;1;Hrvatska;
HR;Croatia;HR01;2;Sjeverozapadna Hrvatska;
HR;Croatia;HR011;3;Grad Zagreb;
HR;Croatia;HR012;3;Zagrebacka zupanija;
HR;Croatia;HR013;3;Krapinsko-zagorska zupanija;
HR;Croatia;HR014;3;Varazdinska zupanija;
HR;Croatia;HR015;3;Koprivnicko-krizevacka zupanija;
HR;Croatia;HR016;3;Medimurska zupanija;
HR;Croatia;HR02;2;Sredisnja i Istocna (Panonska) Hrvatska;
HR;Croatia;HR021;3;Bjelovarsko-bilogorska zupanija;
HR;Croatia;HR022;3;Viroviticko-podravska zupanija;
HR;Croatia;HR023;3;Pozesko-slavonska zupanija;
HR;Croatia;HR024;3;Brodsko-posavska zupanija;
HR;Croatia;HR025;3;Osjecko-baranjska zupanija;
HR;Croatia;HR026;3;Vukovarsko-srijemska zupanija;
HR;Croatia;HR027;3;Karlovacka zupanija;
HR;Croatia;HR028;3;Sisacko-moslavacka zupanija;
HR;Croatia;HR03;2;Jadranska Hrvatska;
HR;Croatia;HR031;3;Primorsko-goranska zupanija;
HR;Croatia;HR032;3;Licko-senjska zupanija;
HR;Croatia;HR033;3;Zadarska zupanija;
HR;Croatia;HR034;3;Sibensko-kninska zupanija;
HR;Croatia;HR035;3;Splitsko-dalmatinska zupanija;
HR;Croatia;HR036;3;Istarska zupanija;
HR;Croatia;HR037;3;Dubrovacko-neretvanska zupanija;
HU;Hungary;HU1;1;Kozep-Magyarorszag;
HU;Hungary;HU10;2;Kozep-Magyarorszag;
HU;Hungary;HU101;3;Budapest;
HU;Hungary;HU102;3;Pest;
HU;Hungary;HU2;1;Dunantul;
HU;Hungary;HU21;2;Kozep-Dunantul;
HU;Hungary;HU211;3;Fejer;
HU;Hungary;HU212;3;Komarom-Esztergom;
HU;Hungary;HU213;3;Veszprem;
HU;Hungary;HU22;2;Nyugat-Dunantul;
HU;Hungary;HU221;3;Gyor-Moson-Sopron;
HU;Hungary;HU222;3;Vas;
HU;Hungary;HU223;3;Zala;
HU;Hungary;HU23;2;Del-Dunantul;
HU;Hungary;HU231;3;Baranya;
HU;Hungary;HU232;3;Somogy;
HU;Hungary;HU233;3;Tolna;
HU;Hungary;HU3;1;Alfold es Eszak;
HU;Hungary;HU31;2;Eszak-Magyarorszag;
HU;Hungary;HU311;3;Borsod-Abauj-Zemplen;
HU;Hungary;HU312;3;Heves;
HU;Hungary;HU313;3;Nograd;
HU;Hungary;HU32;2;Eszak-Alfold;
HU;Hungary;HU321;3;Hajdu-Bihar;
HU;Hungary;HU322;3;Jasz-Nagykun-Szolnok;
HU;Hungary;HU323;3;Szabolcs-Szatmar-Bereg;
HU;Hungary;HU33;2;Del-Alfold;
HU;Hungary;HU331;3;Bacs-Kiskun;
HU;Hungary;HU332;3;Bekes;
HU;Hungary;HU333;3;Csongrad;
IE;Ireland;IE0;1;Ireland;
IE;Ireland;IE01;2;Border, Midland and Western;
IE;Ireland;IE011;3;Border;
IE;Ireland;IE012;3;Midland;
IE;Ireland;IE013;3;West;
IE;Ireland;IE02;2;Southern and Eastern;
IE;Ireland;IE021;3;Dublin;
IE;Ireland;IE022;3;Mid-East;
IE;Ireland;IE023;3;Mid-West;
IE;Ireland;IE024;3;South-East;
IE;Ireland;IE025;3;South-West;
IS;Iceland;IS0;1;Ísland;
IS;Iceland;IS00;2;Ísland;
IS;Iceland;IS001;3;Höfuðborgarsvæði;
IS;Iceland;IS002;3;Landsbyggð;
IT;Italy;ITC;1;Nord-Ovest;
IT;Italy;ITC1;2;Piemonte;
IT;Italy;ITC11;3;Torino;
IT;Italy;ITC12;3;Vercelli;
IT;Italy;ITC13;3;Biella;
IT;Italy;ITC14;3;Verbano-Cusio-Ossola;
IT;Italy;ITC15;3;Novara;
IT;Italy;ITC16;3;Cuneo;
IT;Italy;ITC17;3;Asti;
IT;Italy;ITC18;3;Alessandria;
IT;Italy;ITC2;2;Valle d'Aosta/Vallée d'Aoste;
IT;Italy;ITC20;3;Valle d'Aosta/Vallée d'Aoste;
IT;Italy;ITC3;2;Liguria;
IT;Italy;ITC31;3;Imperia;
IT;Italy;ITC32;3;Savona;
IT;Italy;ITC33;3;Genova;
IT;Italy;ITC34;3;La Spezia;
IT;Italy;ITC4;2;Lombardia;
IT;Italy;ITC41;3;Varese;
IT;Italy;ITC42;3;Como;
IT;Italy;ITC43;3;Lecco;
IT;Italy;ITC44;3;Sondrio;
IT;Italy;ITC45;3;Milano;
IT;Italy;ITC46;3;Bergamo;
IT;Italy;ITC47;3;Brescia;
IT;Italy;ITC48;3;Pavia;
IT;Italy;ITC49;3;Lodi;
IT;Italy;ITC4A;3;Cremona;
IT;Italy;ITC4B;3;Mantova;
IT;Italy;ITD;1;Nord-Est;
IT;Italy;ITD1;2;Provincia Autonoma Bolzano/Bozen;
IT;Italy;ITD10;3;Bolzano-Bozen;
IT;Italy;ITD2;2;Provincia Autonoma Trento;
IT;Italy;ITD20;3;Trento;
IT;Italy;ITD3;2;Veneto;
IT;Italy;ITD31;3;Verona;
IT;Italy;ITD32;3;Vicenza;
IT;Italy;ITD33;3;Belluno;
IT;Italy;ITD34;3;Treviso;
IT;Italy;ITD35;3;Venezia;
IT;Italy;ITD36;3;Padova;
IT;Italy;ITD37;3;Rovigo;
IT;Italy;ITD4;2;Friuli-Venezia Giulia;
IT;Italy;ITD41;3;Pordenone;
IT;Italy;ITD42;3;Udine;
IT;Italy;ITD43;3;Gorizia;
IT;Italy;ITD44;3;Trieste;
IT;Italy;ITD5;2;Emilia-Romagna;
IT;Italy;ITD51;3;Piacenza;
IT;Italy;ITD52;3;Parma;
IT;Italy;ITD53;3;Reggio nell'Emilia;
IT;Italy;ITD54;3;Modena;
IT;Italy;ITD55;3;Bologna;
IT;Italy;ITD56;3;Ferrara;
IT;Italy;ITD57;3;Ravenna;
IT;Italy;ITD58;3;Forlì-Cesena;
IT;Italy;ITD59;3;Rimini;
IT;Italy;ITE;1;Centro (i);
IT;Italy;ITE1;2;Toscana;
IT;Italy;ITE11;3;Massa-Carrara;
IT;Italy;ITE12;3;Lucca;
IT;Italy;ITE13;3;Pistoia;
IT;Italy;ITE14;3;Firenze;
IT;Italy;ITE15;3;Prato;
IT;Italy;ITE16;3;Livorno;
IT;Italy;ITE17;3;Pisa;
IT;Italy;ITE18;3;Arezzo;
IT;Italy;ITE19;3;Siena;
IT;Italy;ITE1A;3;Grosseto;
IT;Italy;ITE2;2;Umbria;
IT;Italy;ITE21;3;Perugia;
IT;Italy;ITE22;3;Terni;
IT;Italy;ITE3;2;Marche;
IT;Italy;ITE31;3;Pesaro e Urbino;
IT;Italy;ITE32;3;Ancona;
IT;Italy;ITE33;3;Macerata;
IT;Italy;ITE34;3;Ascoli Piceno;
IT;Italy;ITE4;2;Lazio;
IT;Italy;ITE41;3;Viterbo;
IT;Italy;ITE42;3;Rieti;
IT;Italy;ITE43;3;Roma;
IT;Italy;ITE44;3;Latina;
IT;Italy;ITE45;3;Frosinone;
IT;Italy;ITF;1;Sud;
IT;Italy;ITF1;2;Abruzzo;
IT;Italy;ITF11;3;L'Aquila;
IT;Italy;ITF12;3;Teramo;
IT;Italy;ITF13;3;Pescara;
IT;Italy;ITF14;3;Chieti;
IT;Italy;ITF2;2;Molise;
IT;Italy;ITF21;3;Isernia;
IT;Italy;ITF22;3;Campobasso;
IT;Italy;ITF3;2;Campania;
IT;Italy;ITF31;3;Caserta;
IT;Italy;ITF32;3;Benevento;
IT;Italy;ITF33;3;Napoli;
IT;Italy;ITF34;3;Avellino;
IT;Italy;ITF35;3;Salerno;
IT;Italy;ITF4;2;Puglia;
IT;Italy;ITF41;3;Foggia;
IT;Italy;ITF42;3;Bari;
IT;Italy;ITF43;3;Taranto;
IT;Italy;ITF44;3;Brindisi;
IT;Italy;ITF45;3;Lecce;
IT;Italy;ITF5;2;Basilicata;
IT;Italy;ITF51;3;Potenza;
IT;Italy;ITF52;3;Matera;
IT;Italy;ITF6;2;Calabria;
IT;Italy;ITF61;3;Cosenza;
IT;Italy;ITF62;3;Crotone;
IT;Italy;ITF63;3;Catanzaro;
IT;Italy;ITF64;3;Vibo Valentia;
IT;Italy;ITF65;3;Reggio di Calabria;
IT;Italy;ITG;1;Isole;
IT;Italy;ITG1;2;Sicilia;
IT;Italy;ITG11;3;Trapani;
IT;Italy;ITG12;3;Palermo;
IT;Italy;ITG13;3;Messina;
IT;Italy;ITG14;3;Agrigento;
IT;Italy;ITG15;3;Caltanissetta;
IT;Italy;ITG16;3;Enna;
IT;Italy;ITG17;3;Catania;
IT;Italy;ITG18;3;Ragusa;
IT;Italy;ITG19;3;Siracusa;
IT;Italy;ITG2;2;Sardegna;
IT;Italy;ITG25;3;Sassari;
IT;Italy;ITG26;3;Nuoro;
IT;Italy;ITG27;3;Cagliari;
IT;Italy;ITG28;3;Oristano;
IT;Italy;ITG29;3;Olbia-Tempio;
IT;Italy;ITG2A;3;Ogliastra;
IT;Italy;ITG2B;3;Medio Campidano;
IT;Italy;ITG2C;3;Carbonia-Iglesias;
LI;Liechtenstein;LI0;1;Liechtenstein;
LI;Liechtenstein;LI00;2;Liechtenstein;
LI;Liechtenstein;LI000;3;Liechtenstein;
LT;Lithuania;LT0;1;Lietuva;
LT;Lithuania;LT00;2;Lietuva;
LT;Lithuania;LT001;3;Alytaus apskritis;
LT;Lithuania;LT002;3;Kauno apskritis;
LT;Lithuania;LT003;3;Klaipedos apskritis;
LT;Lithuania;LT004;3;Marijampoles apskritis;
LT;Lithuania;LT005;3;Panevezio apskritis;
LT;Lithuania;LT006;3;Siauliu apskritis;
LT;Lithuania;LT007;3;Taurages apskritis;
LT;Lithuania;LT008;3;Telsiu apskritis;
LT;Lithuania;LT009;3;Utenos apskritis;
LT;Lithuania;LT00A;3;Vilniaus apskritis;
LU;Luxembourg;LU0;1;Luxembourg;
LU;Luxembourg;LU00;2;Luxembourg (Grand-Duché);
LU;Luxembourg;LU000;3;Luxembourg (Grand-Duché);
LV;Latvia;LV0;1;Latvija;
LV;Latvia;LV00;2;Latvija;
LV;Latvia;LV003;3;Kurzeme;
LV;Latvia;LV005;3;Latgale;
LV;Latvia;LV006;3;Riga;
LV;Latvia;LV007;3;Pieriga;
LV;Latvia;LV008;3;Vidzeme;
LV;Latvia;LV009;3;Zemgale;
MK;Macedonia;MK0;1;Poranesnata jugoslovenska Republika Makedonija;
MK;Macedonia;MK00;2;Poranesnata jugoslovenska Republika Makedonija;
MK;Macedonia;MK001;3;Vardarski;
MK;Macedonia;MK002;3;Istocen;
MK;Macedonia;MK003;3;Jugozapaden;
MK;Macedonia;MK004;3;Jugoistocen;
MK;Macedonia;MK005;3;Pelagoniski;
MK;Macedonia;MK006;3;Poloski;
MK;Macedonia;MK007;3;Severoistocen;
MK;Macedonia;MK008;3;Skopski;
MT;Malta;MT0;1;Malta;
MT;Malta;MT00;2;Malta;
MT;Malta;MT001;3;Malta;
MT;Malta;MT002;3;Gozo and Comino/Ghawdex u Kemmuna;
NL;Netherlands;NL1;1;Noord-Nederland;
NL;Netherlands;NL11;2;Groningen;
NL;Netherlands;NL111;3;Oost-Groningen;
NL;Netherlands;NL112;3;Delfzijl en omgeving;
NL;Netherlands;NL113;3;Overig Groningen;
NL;Netherlands;NL12;2;Friesland;
NL;Netherlands;NL121;3;Noord-Friesland;
NL;Netherlands;NL122;3;Zuidwest-Friesland;
NL;Netherlands;NL123;3;Zuidoost-Friesland;
NL;Netherlands;NL13;2;Drenthe;
NL;Netherlands;NL131;3;Noord-Drenthe;
NL;Netherlands;NL132;3;Zuidoost-Drenthe;
NL;Netherlands;NL133;3;Zuidwest-Drenthe;
NL;Netherlands;NL2;1;Oost-Nederland;
NL;Netherlands;NL21;2;Overijssel;
NL;Netherlands;NL211;3;Noord-Overijssel;
NL;Netherlands;NL212;3;Zuidwest-Overijssel;
NL;Netherlands;NL213;3;Twente;
NL;Netherlands;NL22;2;Gelderland;
NL;Netherlands;NL221;3;Veluwe;
NL;Netherlands;NL224;3;Zuidwest-Gelderland;
NL;Netherlands;NL225;3;Achterhoek;
NL;Netherlands;NL226;3;Arnhem/Nijmegen;
NL;Netherlands;NL23;2;Flevoland;
NL;Netherlands;NL230;3;Flevoland;
NL;Netherlands;NL3;1;West-Nederland;
NL;Netherlands;NL31;2;Utrecht;
NL;Netherlands;NL310;3;Utrecht;
NL;Netherlands;NL32;2;Noord-Holland;
NL;Netherlands;NL321;3;Kop van Noord-Holland;
NL;Netherlands;NL322;3;Alkmaar en omgeving;
NL;Netherlands;NL323;3;IJmond;
NL;Netherlands;NL324;3;Agglomeratie Haarlem;
NL;Netherlands;NL325;3;Zaanstreek;
NL;Netherlands;NL326;3;Groot-Amsterdam;
NL;Netherlands;NL327;3;Het Gooi en Vechtstreek;
NL;Netherlands;NL33;2;Zuid-Holland;
NL;Netherlands;NL331;3;Agglomeratie Leiden en Bollenstreek;
NL;Netherlands;NL332;3;Agglomeratie 's-Gravenhage;
NL;Netherlands;NL333;3;Delft en Westland;
NL;Netherlands;NL334;3;Oost-Zuid-Holland;
NL;Netherlands;NL335;3;Groot-Rijnmond;
NL;Netherlands;NL336;3;Zuidoost-Zuid-Holland;
NL;Netherlands;NL34;2;Zeeland;
NL;Netherlands;NL341;3;Zeeuwsch-Vlaanderen;
NL;Netherlands;NL342;3;Overig Zeeland;
NL;Netherlands;NL4;1;Zuid-Nederland;
NL;Netherlands;NL41;2;Noord-Brabant;
NL;Netherlands;NL411;3;West-Noord-Brabant;
NL;Netherlands;NL412;3;Midden-Noord-Brabant;
NL;Netherlands;NL413;3;Noordoost-Noord-Brabant;
NL;Netherlands;NL414;3;Zuidoost-Noord-Brabant;
NL;Netherlands;NL42;2;Limburg;
NL;Netherlands;NL421;3;Noord-Limburg;
NL;Netherlands;NL422;3;Midden-Limburg;
NL;Netherlands;NL423;3;Zuid-Limburg;
NO;Norway;NO0;1;Norge;
NO;Norway;NO01;2;Oslo og Akershus;
NO;Norway;NO011;3;Oslo;
NO;Norway;NO012;3;Akershus;
NO;Norway;NO02;2;Hedmark og Oppland;
NO;Norway;NO021;3;Hedmark;
NO;Norway;NO022;3;Oppland;
NO;Norway;NO03;2;Sør-Østlandet;
NO;Norway;NO031;3;Østfold;
NO;Norway;NO032;3;Buskerud;
NO;Norway;NO033;3;Vestfold;
NO;Norway;NO034;3;Telemark;
NO;Norway;NO04;2;Agder og Rogaland;
NO;Norway;NO041;3;Aust-Agder;
NO;Norway;NO042;3;Vest-Agder;
NO;Norway;NO043;3;Rogaland;
NO;Norway;NO05;2;Vestlandet;
NO;Norway;NO051;3;Hordaland;
NO;Norway;NO052;3;Sogn og Fjordane;
NO;Norway;NO053;3;Møre og Romsdal;
NO;Norway;NO06;2;Trøndelag;
NO;Norway;NO061;3;Sør-Trøndelag;
NO;Norway;NO062;3;Nord-Trøndelag;
NO;Norway;NO07;2;Nord-Norge;
NO;Norway;NO071;3;Nordland;
NO;Norway;NO072;3;Troms;
NO;Norway;NO073;3;Finnmark;
PL;Poland;PL1;1;Region Centralny;
PL;Poland;PL11;2;Lodzkie;
PL;Poland;PL113;3;Miasto Lodz;
PL;Poland;PL114;3;Lodzki;
PL;Poland;PL115;3;Piotrkowski;
PL;Poland;PL116;3;Sieradzki;
PL;Poland;PL117;3;Skierniewicki;
PL;Poland;PL12;2;Mazowieckie;
PL;Poland;PL121;3;Ciechanowsko-plocki;
PL;Poland;PL122;3;Ostrolecko-siedlecki;
PL;Poland;PL127;3;Miasto Warszawa;
PL;Poland;PL128;3;Radomski;
PL;Poland;PL129;3;Warszawski-wschodni;
PL;Poland;PL12A;3;Warszawski-zachodni;
PL;Poland;PL2;1;Region Poludniowy;
PL;Poland;PL21;2;Malopolskie;
PL;Poland;PL213;3;Miasto Krakow;
PL;Poland;PL214;3;Krakowski;
PL;Poland;PL215;3;Nowosadecki;
PL;Poland;PL216;3;Oswiecimski;
PL;Poland;PL217;3;Tarnowski;
PL;Poland;PL22;2;Slaskie;
PL;Poland;PL224;3;Czestochowski;
PL;Poland;PL225;3;Bielski;
PL;Poland;PL227;3;Rybnicki;
PL;Poland;PL228;3;Bytomski;
PL;Poland;PL229;3;Gliwicki;
PL;Poland;PL22A;3;Katowicki;
PL;Poland;PL22B;3;Sosnowiecki;
PL;Poland;PL22C;3;Tyski;
PL;Poland;PL3;1;Region Wschodni;
PL;Poland;PL31;2;Lubelskie;
PL;Poland;PL311;3;Bialski;
PL;Poland;PL312;3;Chelmsko-zamojski;
PL;Poland;PL314;3;Lubelski;
PL;Poland;PL315;3;Pulawski;
PL;Poland;PL32;2;Podkarpackie;
PL;Poland;PL323;3;Krosnienski;
PL;Poland;PL324;3;Przemyski;
PL;Poland;PL325;3;Rzeszowski;
PL;Poland;PL326;3;Tarnobrzeski;
PL;Poland;PL33;2;Swietokrzyskie;
PL;Poland;PL331;3;Kielecki;
PL;Poland;PL332;3;Sandomiersko-jedrzejowski;
PL;Poland;PL34;2;Podlaskie;
PL;Poland;PL343;3;Bialostocki;
PL;Poland;PL344;3;Lomzynski;
PL;Poland;PL345;3;Suwalski;
PL;Poland;PL4;1;Region Polnocno-Zachodni;
PL;Poland;PL41;2;Wielkopolskie;
PL;Poland;PL411;3;Pilski;
PL;Poland;PL414;3;Koninski;
PL;Poland;PL415;3;Miasto Poznan;
PL;Poland;PL416;3;Kaliski;
PL;Poland;PL417;3;Leszczynski;
PL;Poland;PL418;3;Poznanski;
PL;Poland;PL42;2;Zachodniopomorskie;
PL;Poland;PL422;3;Koszalinski;
PL;Poland;PL423;3;Stargardzki;
PL;Poland;PL424;3;Miasto Szczecin;
PL;Poland;PL425;3;Szczecinski;
PL;Poland;PL43;2;Lubuskie;
PL;Poland;PL431;3;Gorzowski;
PL;Poland;PL432;3;Zielonogorski;
PL;Poland;PL5;1;Region Poludniowo-Zachodni;
PL;Poland;PL51;2;Dolnoslaskie;
PL;Poland;PL514;3;Miasto Wroclaw;
PL;Poland;PL515;3;Jeleniogorski;
PL;Poland;PL516;3;Legnicko-Glogowski;
PL;Poland;PL517;3;Walbrzyski;
PL;Poland;PL518;3;Wroclawski;
PL;Poland;PL52;2;Opolskie;
PL;Poland;PL521;3;Nyski;
PL;Poland;PL522;3;Opolski;
PL;Poland;PL6;1;Region Polnocny;
PL;Poland;PL61;2;Kujawsko-Pomorskie;
PL;Poland;PL613;3;Bydgosko-Torunski;
PL;Poland;PL614;3;Grudziadzki;
PL;Poland;PL615;3;Wloclawski;
PL;Poland;PL62;2;Warminsko-Mazurskie;
PL;Poland;PL621;3;Elblaski;
PL;Poland;PL622;3;Olsztynski;
PL;Poland;PL623;3;Elcki;
PL;Poland;PL63;2;Pomorskie;
PL;Poland;PL631;3;Slupski;
PL;Poland;PL633;3;Trojmiejski;
PL;Poland;PL634;3;Gdanski;
PL;Poland;PL635;3;Starogardzki;
PT;Portugal;PT1;1;Continente;
PT;Portugal;PT11;2;Norte;
PT;Portugal;PT111;3;Minho-Lima;
PT;Portugal;PT112;3;Cávado;
PT;Portugal;PT113;3;Ave;
PT;Portugal;PT114;3;Grande Porto;
PT;Portugal;PT115;3;Tâmega;
PT;Portugal;PT116;3;Entre Douro e Vouga;
PT;Portugal;PT117;3;Douro;
PT;Portugal;PT118;3;Alto Trás-os-Montes;
PT;Portugal;PT15;2;Algarve;
PT;Portugal;PT150;3;Algarve;
PT;Portugal;PT16;2;Centro;
PT;Portugal;PT161;3;Baixo Vouga;
PT;Portugal;PT162;3;Baixo Mondego;
PT;Portugal;PT163;3;Pinhal Litoral;
PT;Portugal;PT164;3;Pinhal Interior Norte;
PT;Portugal;PT165;3;Dâo-Lafôes;
PT;Portugal;PT166;3;Pinhal Interior Sul;
PT;Portugal;PT167;3;Serra da Estrela;
PT;Portugal;PT168;3;Beira Interior Norte;
PT;Portugal;PT169;3;Beira Interior Sul;
PT;Portugal;PT16A;3;Cova da Beira;
PT;Portugal;PT16B;3;Oeste;
PT;Portugal;PT16C;3;Médio Tejo;
PT;Portugal;PT17;2;Lisboa;
PT;Portugal;PT171;3;Grande Lisboa;
PT;Portugal;PT172;3;Península de Setúbal;
PT;Portugal;PT18;2;Alentejo;
PT;Portugal;PT181;3;Alentejo Litoral;
PT;Portugal;PT182;3;Alto Alentejo;
PT;Portugal;PT183;3;Alentejo Central;
PT;Portugal;PT184;3;Baixo Alentejo;
PT;Portugal;PT185;3;Lezíria do Tejo;
PT;Portugal;PT2;1;Região autónoma dos Açores;
PT;Portugal;PT20;2;Região Autónoma dos Açores;
PT;Portugal;PT200;3;Região Autónoma dos Açores;
PT;Portugal;PT3;1;Região autónoma da Madeira;
PT;Portugal;PT30;2;Região Autónoma da Madeira;
PT;Portugal;PT300;3;Região Autónoma da Madeira;
RO;Romania;RO1;1;Macroregiunea unu;
RO;Romania;RO11;2;Nord-Vest;
RO;Romania;RO111;3;Bihor;
RO;Romania;RO112;3;Bistrita-Nasaud;
RO;Romania;RO113;3;Cluj;
RO;Romania;RO114;3;Maramures;
RO;Romania;RO115;3;Satu Mare;
RO;Romania;RO116;3;Salaj;
RO;Romania;RO12;2;Centru;
RO;Romania;RO121;3;Alba;
RO;Romania;RO122;3;Brasov;
RO;Romania;RO123;3;Covasna;
RO;Romania;RO124;3;Harghita;
RO;Romania;RO125;3;Mures;
RO;Romania;RO126;3;Sibiu;
RO;Romania;RO2;1;Macroregiunea doi;
RO;Romania;RO21;2;Nord-Est;
RO;Romania;RO211;3;Bacau;
RO;Romania;RO212;3;Botosani;
RO;Romania;RO213;3;Iasi;
RO;Romania;RO214;3;Neamt;
RO;Romania;RO215;3;Suceava;
RO;Romania;RO216;3;Vaslui;
RO;Romania;RO22;2;Sud-Est;
RO;Romania;RO221;3;Braila;
RO;Romania;RO222;3;Buzau;
RO;Romania;RO223;3;Constanta;
RO;Romania;RO224;3;Galati;
RO;Romania;RO225;3;Tulcea;
RO;Romania;RO226;3;Vrancea;
RO;Romania;RO3;1;Macroregiunea trei;
RO;Romania;RO31;2;Sud - Muntenia;
RO;Romania;RO311;3;Arges;
RO;Romania;RO312;3;Calarasi;
RO;Romania;RO313;3;Dambovita;
RO;Romania;RO314;3;Giurgiu;
RO;Romania;RO315;3;Ialomita;
RO;Romania;RO316;3;Prahova;
RO;Romania;RO317;3;Teleorman;
RO;Romania;RO32;2;Bucuresti - Ilfov;
RO;Romania;RO321;3;Bucuresti;
RO;Romania;RO322;3;Ilfov;
RO;Romania;RO4;1;Macroregiunea patru;
RO;Romania;RO41;2;Sud-Vest Oltenia;
RO;Romania;RO411;3;Dolj;
RO;Romania;RO412;3;Gorj;
RO;Romania;RO413;3;Mehedinti;
RO;Romania;RO414;3;Olt;
RO;Romania;RO415;3;Valcea;
RO;Romania;RO42;2;Vest;
RO;Romania;RO421;3;Arad;
RO;Romania;RO422;3;Caras-Severin;
RO;Romania;RO423;3;Hunedoara;
RO;Romania;RO424;3;Timis;
SE;Sweden;SE1;1;Östra Sverige;
SE;Sweden;SE11;2;Stockholm;
SE;Sweden;SE110;3;Stockholms län;
SE;Sweden;SE12;2;Östra Mellansverige;
SE;Sweden;SE121;3;Uppsala län;
SE;Sweden;SE122;3;Södermanlands län;
SE;Sweden;SE123;3;Östergötlands län;
SE;Sweden;SE124;3;Örebro län;
SE;Sweden;SE125;3;Västmanlands län;
SE;Sweden;SE2;1;Södra Sverige;
SE;Sweden;SE21;2;Småland med öarna;
SE;Sweden;SE211;3;Jönköpings län;
SE;Sweden;SE212;3;Kronobergs län;
SE;Sweden;SE213;3;Kalmar län;
SE;Sweden;SE214;3;Gotlands län;
SE;Sweden;SE22;2;Sydsverige;
SE;Sweden;SE221;3;Blekinge län;
SE;Sweden;SE224;3;Skåne län;
SE;Sweden;SE23;2;Västsverige;
SE;Sweden;SE231;3;Hallands län;
SE;Sweden;SE232;3;Västra Götalands län;
SE;Sweden;SE3;1;Norra Sverige;
SE;Sweden;SE31;2;Norra Mellansverige;
SE;Sweden;SE311;3;Värmlands län;
SE;Sweden;SE312;3;Dalarnas län;
SE;Sweden;SE313;3;Gävleborgs län;
SE;Sweden;SE32;2;Mellersta Norrland;
SE;Sweden;SE321;3;Västernorrlands län;
SE;Sweden;SE322;3;Jämtlands län;
SE;Sweden;SE33;2;Övre Norrland;
SE;Sweden;SE331;3;Västerbottens län;
SE;Sweden;SE332;3;Norrbottens län;
SI;Slovenia;SI0;1;Slovenija;
SI;Slovenia;SI01;2;Vzhodna Slovenija;
SI;Slovenia;SI011;3;Pomurska;
SI;Slovenia;SI012;3;Podravska;
SI;Slovenia;SI013;3;Koroska;
SI;Slovenia;SI014;3;Savinjska;
SI;Slovenia;SI015;3;Zasavska;
SI;Slovenia;SI016;3;Spodnjeposavska;
SI;Slovenia;SI017;3;Jugovzhodna Slovenija;
SI;Slovenia;SI018;3;Notranjsko-kraska;
SI;Slovenia;SI02;2;Zahodna Slovenija;
SI;Slovenia;SI021;3;Osrednjeslovenska;
SI;Slovenia;SI022;3;Gorenjska;
SI;Slovenia;SI023;3;Goriska;
SI;Slovenia;SI024;3;Obalno-kraska;
SK;Slovakia;SK0;1;Slovenska republika;
SK;Slovakia;SK01;2;Bratislavsky kraj;
SK;Slovakia;SK010;3;Bratislavsky kraj;
SK;Slovakia;SK02;2;Zapadne Slovensko;
SK;Slovakia;SK021;3;Trnavsky kraj;
SK;Slovakia;SK022;3;Trenciansky kraj;
SK;Slovakia;SK023;3;Nitriansky kraj;
SK;Slovakia;SK03;2;Stredne Slovensko;
SK;Slovakia;SK031;3;Zilinsky kraj;
SK;Slovakia;SK032;3;Banskobystricky kraj;
SK;Slovakia;SK04;2;Vychodne Slovensko;
SK;Slovakia;SK041;3;Presovsky kraj;
SK;Slovakia;SK042;3;Kosicky kraj;
TR;Turkey;TR1;1;Istanbul;
TR;Turkey;TR10;2;Istanbul;
TR;Turkey;TR100;3;Istanbul;
TR;Turkey;TR2;1;Bati Marmara;
TR;Turkey;TR21;2;Tekirdag;
TR;Turkey;TR211;3;Tekirdag;
TR;Turkey;TR212;3;Edirne;
TR;Turkey;TR213;3;Kirklareli;
TR;Turkey;TR22;2;Balikesir;
TR;Turkey;TR221;3;Balikesir;
TR;Turkey;TR222;3;Canakkale;
TR;Turkey;TR3;1;Ege;
TR;Turkey;TR31;2;Izmir;
TR;Turkey;TR310;3;Izmir;
TR;Turkey;TR32;2;Aydin;
TR;Turkey;TR321;3;Aydin;
TR;Turkey;TR322;3;Denizli;
TR;Turkey;TR323;3;Mugla;
TR;Turkey;TR33;2;Manisa;
TR;Turkey;TR331;3;Manisa;
TR;Turkey;TR332;3;Afyon;
TR;Turkey;TR333;3;Kutahya;
TR;Turkey;TR334;3;Usak;
TR;Turkey;TR4;1;Dogu Marmara;
TR;Turkey;TR41;2;Bursa;
TR;Turkey;TR411;3;Bursa;
TR;Turkey;TR412;3;Eskisehir;
TR;Turkey;TR413;3;Bilecik;
TR;Turkey;TR42;2;Kocaeli;
TR;Turkey;TR421;3;Kocaeli;
TR;Turkey;TR422;3;Sakarya;
TR;Turkey;TR423;3;Duzce;
TR;Turkey;TR424;3;Bolu;
TR;Turkey;TR425;3;Yalova;
TR;Turkey;TR5;1;Bati Anadolu;
TR;Turkey;TR51;2;Ankara;
TR;Turkey;TR510;3;Ankara;
TR;Turkey;TR52;2;Konya;
TR;Turkey;TR521;3;Konya;
TR;Turkey;TR522;3;Karaman;
TR;Turkey;TR6;1;Akdeniz;
TR;Turkey;TR61;2;Antalya;
TR;Turkey;TR611;3;Antalya;
TR;Turkey;TR612;3;Isparta;
TR;Turkey;TR613;3;Burdur;
TR;Turkey;TR62;2;Adana;
TR;Turkey;TR621;3;Adana;
TR;Turkey;TR622;3;Icel;
TR;Turkey;TR63;2;Hatay;
TR;Turkey;TR631;3;Hatay;
TR;Turkey;TR632;3;Kahramanmaras;
TR;Turkey;TR633;3;Osmaniye;
TR;Turkey;TR7;1;Orta Anadolu;
TR;Turkey;TR71;2;Kirikkale;
TR;Turkey;TR711;3;Kirikkale;
TR;Turkey;TR712;3;Aksaray;
TR;Turkey;TR713;3;Nigde;
TR;Turkey;TR714;3;Nevsehir;
TR;Turkey;TR715;3;Kirsehir;
TR;Turkey;TR72;2;Kayseri;
TR;Turkey;TR721;3;Kayseri;
TR;Turkey;TR722;3;Sivas;
TR;Turkey;TR723;3;Yozgat;
TR;Turkey;TR8;1;Bati Karadeniz;
TR;Turkey;TR81;2;Zonguldak;
TR;Turkey;TR811;3;Zonguldak;
TR;Turkey;TR812;3;Karabuk;
TR;Turkey;TR813;3;Bartin;
TR;Turkey;TR82;2;Kastamonu;
TR;Turkey;TR821;3;Kastamonu;
TR;Turkey;TR822;3;Cankiri;
TR;Turkey;TR823;3;Sinop;
TR;Turkey;TR83;2;Samsun;
TR;Turkey;TR831;3;Samsun;
TR;Turkey;TR832;3;Tokat;
TR;Turkey;TR833;3;Corum;
TR;Turkey;TR834;3;Amasya;
TR;Turkey;TR9;1;Dogu Karadeniz;
TR;Turkey;TR90;2;Trabzon;
TR;Turkey;TR901;3;Trabzon;
TR;Turkey;TR902;3;Ordu;
TR;Turkey;TR903;3;Giresun;
TR;Turkey;TR904;3;Rize;
TR;Turkey;TR905;3;Artvin;
TR;Turkey;TR906;3;Gumushane;
TR;Turkey;TRA;1;Kuzeydogu Anadolu;
TR;Turkey;TRA1;2;Erzurum;
TR;Turkey;TRA11;3;Erzurum;
TR;Turkey;TRA12;3;Erzincan;
TR;Turkey;TRA13;3;Bayburt;
TR;Turkey;TRA2;2;Agri;
TR;Turkey;TRA21;3;Agri;
TR;Turkey;TRA22;3;Kars;
TR;Turkey;TRA23;3;Igdir;
TR;Turkey;TRA24;3;Ardahan;
TR;Turkey;TRB;1;Ortadogu Anadolu;
TR;Turkey;TRB1;2;Malatya;
TR;Turkey;TRB11;3;Malatya;
TR;Turkey;TRB12;3;Elazig;
TR;Turkey;TRB13;3;Bing¿l;
TR;Turkey;TRB14;3;Tunceli;
TR;Turkey;TRB2;2;Van;
TR;Turkey;TRB21;3;Van;
TR;Turkey;TRB22;3;Mus;
TR;Turkey;TRB23;3;Bitlis;
TR;Turkey;TRB24;3;Hakkari;
TR;Turkey;TRC;1;Guneydogu Anadolu;
TR;Turkey;TRC1;2;Gaziantep;
TR;Turkey;TRC11;3;Gaziantep;
TR;Turkey;TRC12;3;Adiyaman;
TR;Turkey;TRC13;3;Kilis;
TR;Turkey;TRC2;2;Sanliurfa;
TR;Turkey;TRC21;3;Sanliurfa;
TR;Turkey;TRC22;3;Diyarbakir;
TR;Turkey;TRC3;2;Mardin;
TR;Turkey;TRC31;3;Mardin;
TR;Turkey;TRC32;3;Batman;
TR;Turkey;TRC33;3;Sirnak;
TR;Turkey;TRC34;3;Siirt;
GB;United Kingdom;UKC;1;North East;
GB;United Kingdom;UKC1;2;Tees Valley and Durham;
GB;United Kingdom;UKC11;3;Hartlepool and Stockton-on-Tees;
GB;United Kingdom;UKC12;3;South Teesside;
GB;United Kingdom;UKC13;3;Darlington;
GB;United Kingdom;UKC14;3;Durham CC;
GB;United Kingdom;UKC2;2;Northumberland and Tyne and Wear;
GB;United Kingdom;UKC21;3;Northumberland;
GB;United Kingdom;UKC22;3;Tyneside;
GB;United Kingdom;UKC23;3;Sunderland;
GB;United Kingdom;UKD;1;North West;
GB;United Kingdom;UKD1;2;Cumbria;
GB;United Kingdom;UKD11;3;West Cumbria;
GB;United Kingdom;UKD12;3;East Cumbria;
GB;United Kingdom;UKD2;2;Cheshire;
GB;United Kingdom;UKD21;3;Halton and Warrington;
GB;United Kingdom;UKD22;3;Cheshire CC;
GB;United Kingdom;UKD3;2;Greater Manchester;
GB;United Kingdom;UKD31;3;Greater Manchester South;
GB;United Kingdom;UKD32;3;Greater Manchester North;
GB;United Kingdom;UKD4;2;Lancashire;
GB;United Kingdom;UKD41;3;Blackburn with Darwen;
GB;United Kingdom;UKD42;3;Blackpool;
GB;United Kingdom;UKD43;3;Lancashire CC;
GB;United Kingdom;UKD5;2;Merseyside;
GB;United Kingdom;UKD51;3;East Merseyside;
GB;United Kingdom;UKD52;3;Liverpool;
GB;United Kingdom;UKD53;3;Sefton;
GB;United Kingdom;UKD54;3;Wirral;
GB;United Kingdom;UKE;1;Yorkshire and the Humber;
GB;United Kingdom;UKE1;2;East Yorkshire and Northern Lincolnshire;
GB;United Kingdom;UKE11;3;Kingston upon Hull, City of;
GB;United Kingdom;UKE12;3;East Riding of Yorkshire;
GB;United Kingdom;UKE13;3;North and North East Lincolnshire;
GB;United Kingdom;UKE2;2;North Yorkshire;
GB;United Kingdom;UKE21;3;York;
GB;United Kingdom;UKE22;3;North Yorkshire CC;
GB;United Kingdom;UKE3;2;South Yorkshire;
GB;United Kingdom;UKE31;3;Barnsley, Doncaster and Rotherham;
GB;United Kingdom;UKE32;3;Sheffield;
GB;United Kingdom;UKE4;2;West Yorkshire;
GB;United Kingdom;UKE41;3;Bradford;
GB;United Kingdom;UKE42;3;Leeds;
GB;United Kingdom;UKE43;3;Calderdale, Kirklees and Wakefield;
GB;United Kingdom;UKF;1;East Midlands;
GB;United Kingdom;UKF1;2;Derbyshire and Nottinghamshire;
GB;United Kingdom;UKF11;3;Derby;
GB;United Kingdom;UKF12;3;East Derbyshire;
GB;United Kingdom;UKF13;3;South and West Derbyshire;
GB;United Kingdom;UKF14;3;Nottingham;
GB;United Kingdom;UKF15;3;North Nottinghamshire;
GB;United Kingdom;UKF16;3;South Nottinghamshire;
GB;United Kingdom;UKF2;2;Leicestershire, Rutland and Northamptonshire;
GB;United Kingdom;UKF21;3;Leicester;
GB;United Kingdom;UKF22;3;Leicestershire CC and Rutland;
GB;United Kingdom;UKF23;3;Northamptonshire;
GB;United Kingdom;UKF3;2;Lincolnshire;
GB;United Kingdom;UKF30;3;Lincolnshire;
GB;United Kingdom;UKG;1;West Midlands;
GB;United Kingdom;UKG1;2;Herefordshire, Worcestershire and Warwickshire;
GB;United Kingdom;UKG11;3;Herefordshire, County of;
GB;United Kingdom;UKG12;3;Worcestershire;
GB;United Kingdom;UKG13;3;Warwickshire;
GB;United Kingdom;UKG2;2;Shropshire and Staffordshire;
GB;United Kingdom;UKG21;3;Telford and Wrekin;
GB;United Kingdom;UKG22;3;Shropshire CC;
GB;United Kingdom;UKG23;3;Stoke-on-Trent;
GB;United Kingdom;UKG24;3;Staffordshire CC;
GB;United Kingdom;UKG3;2;West Midlands;
GB;United Kingdom;UKG31;3;Birmingham;
GB;United Kingdom;UKG32;3;Solihull;
GB;United Kingdom;UKG33;3;Coventry;
GB;United Kingdom;UKG34;3;Dudley and Sandwell;
GB;United Kingdom;UKG35;3;Walsall and Wolverhampton;
GB;United Kingdom;UKH;1;East of England;
GB;United Kingdom;UKH1;2;East Anglia;
GB;United Kingdom;UKH11;3;Peterborough;
GB;United Kingdom;UKH12;3;Cambridgeshire CC;
GB;United Kingdom;UKH13;3;Norfolk;
GB;United Kingdom;UKH14;3;Suffolk;
GB;United Kingdom;UKH2;2;Bedfordshire and Hertfordshire;
GB;United Kingdom;UKH21;3;Luton;
GB;United Kingdom;UKH22;3;Bedfordshire CC;
GB;United Kingdom;UKH23;3;Hertfordshire;
GB;United Kingdom;UKH3;2;Essex;
GB;United Kingdom;UKH31;3;Southend-on-Sea;
GB;United Kingdom;UKH32;3;Thurrock;
GB;United Kingdom;UKH33;3;Essex CC;
GB;United Kingdom;UKI;1;London;
GB;United Kingdom;UKI1;2;Inner London;
GB;United Kingdom;UKI11;3;Inner London - West;
GB;United Kingdom;UKI12;3;Inner London - East;
GB;United Kingdom;UKI2;2;Outer London;
GB;United Kingdom;UKI21;3;Outer London - East and North East;
GB;United Kingdom;UKI22;3;Outer London - South;
GB;United Kingdom;UKI23;3;Outer London - West and North West;
GB;United Kingdom;UKJ;1;South East;
GB;United Kingdom;UKJ1;2;Berkshire, Buckinghamshire and Oxfordshire;
GB;United Kingdom;UKJ11;3;Berkshire;
GB;United Kingdom;UKJ12;3;Milton Keynes;
GB;United Kingdom;UKJ13;3;Buckinghamshire CC;
GB;United Kingdom;UKJ14;3;Oxfordshire;
GB;United Kingdom;UKJ2;2;Surrey, East and West Sussex;
GB;United Kingdom;UKJ21;3;Brighton and Hove;
GB;United Kingdom;UKJ22;3;East Sussex CC;
GB;United Kingdom;UKJ23;3;Surrey;
GB;United Kingdom;UKJ24;3;West Sussex;
GB;United Kingdom;UKJ3;2;Hampshire and Isle of Wight;
GB;United Kingdom;UKJ31;3;Portsmouth;
GB;United Kingdom;UKJ32;3;Southampton;
GB;United Kingdom;UKJ33;3;Hampshire CC;
GB;United Kingdom;UKJ34;3;Isle of Wight;
GB;United Kingdom;UKJ4;2;Kent;
GB;United Kingdom;UKJ41;3;Medway;
GB;United Kingdom;UKJ42;3;Kent CC;
GB;United Kingdom;UKK;1;South West;
GB;United Kingdom;UKK1;2;Gloucestershire, Wiltshire and Bristol/Bath area;
GB;United Kingdom;UKK11;3;Bristol, City of;
GB;United Kingdom;UKK12;3;Bath and North East Somerset, North Somerset and South Gloucestershire;
GB;United Kingdom;UKK13;3;Gloucestershire;
GB;United Kingdom;UKK14;3;Swindon;
GB;United Kingdom;UKK15;3;Wiltshire CC;
GB;United Kingdom;UKK2;2;Dorset and Somerset;
GB;United Kingdom;UKK21;3;Bournemouth and Poole;
GB;United Kingdom;UKK22;3;Dorset CC;
GB;United Kingdom;UKK23;3;Somerset;
GB;United Kingdom;UKK3;2;Cornwall and Isles of Scilly;
GB;United Kingdom;UKK30;3;Cornwall and Isles of Scilly;
GB;United Kingdom;UKK4;2;Devon;
GB;United Kingdom;UKK41;3;Plymouth;
GB;United Kingdom;UKK42;3;Torbay;
GB;United Kingdom;UKK43;3;Devon CC;
GB;United Kingdom;UKL;1;Wales;
GB;United Kingdom;UKL1;2;West Wales and The Valleys;
GB;United Kingdom;UKL11;3;Isle of Anglesey;
GB;United Kingdom;UKL12;3;Gwynedd;
GB;United Kingdom;UKL13;3;Conwy and Denbighshire;
GB;United Kingdom;UKL14;3;South West Wales;
GB;United Kingdom;UKL15;3;Central Valleys;
GB;United Kingdom;UKL16;3;Gwent Valleys;
GB;United Kingdom;UKL17;3;Bridgend and Neath Port Talbot;
GB;United Kingdom;UKL18;3;Swansea;
GB;United Kingdom;UKL2;2;East Wales;
GB;United Kingdom;UKL21;3;Monmouthshire and Newport;
GB;United Kingdom;UKL22;3;Cardiff and Vale of Glamorgan;
GB;United Kingdom;UKL23;3;Flintshire and Wrexham;
GB;United Kingdom;UKL24;3;Powys;
GB;United Kingdom;UKM;1;Scotland;
GB;United Kingdom;UKM2;2;Eastern Scotland;
GB;United Kingdom;UKM21;3;Angus and Dundee City;
GB;United Kingdom;UKM22;3;Clackmannanshire and Fife;
GB;United Kingdom;UKM23;3;East Lothian and Midlothian;
GB;United Kingdom;UKM24;3;Scottish Borders;
GB;United Kingdom;UKM25;3;Edinburgh, City of;
GB;United Kingdom;UKM26;3;Falkirk;
GB;United Kingdom;UKM27;3;Perth & Kinross and Stirling;
GB;United Kingdom;UKM28;3;West Lothian;
GB;United Kingdom;UKM3;2;South Western Scotland;
GB;United Kingdom;UKM31;3;East Dunbartonshire, West Dunbartonshire and Helensburgh & Lomond;
GB;United Kingdom;UKM32;3;Dumfries & Galloway;
GB;United Kingdom;UKM33;3;East Ayrshire and North Ayrshire mainland;
GB;United Kingdom;UKM34;3;Glasgow City;
GB;United Kingdom;UKM35;3;Inverclyde, East Renfrewshire and Renfrewshire;
GB;United Kingdom;UKM36;3;North Lanarkshire;
GB;United Kingdom;UKM37;3;South Ayrshire;
GB;United Kingdom;UKM38;3;South Lanarkshire;
GB;United Kingdom;UKM5;2;North Eastern Scotland;
GB;United Kingdom;UKM50;3;Aberdeen City and Aberdeenshire;
GB;United Kingdom;UKM6;2;Highlands and Islands;
GB;United Kingdom;UKM61;3;Caithness & Sutherland and Ross & Cromarty;
GB;United Kingdom;UKM62;3;Inverness & Nairn and Moray, Badenoch & Strathspey;
GB;United Kingdom;UKM63;3;Lochaber, Skye & Lochalsh, Arran & Cumbrae and Argyll & Bute;
GB;United Kingdom;UKM64;3;Eilean Siar (Western Isles);
GB;United Kingdom;UKM65;3;Orkney Islands;
GB;United Kingdom;UKM66;3;Shetland Islands;
GB;United Kingdom;UKN;1;Northern Ireland;
GB;United Kingdom;UKN0;2;Northern Ireland;
GB;United Kingdom;UKN01;3;Belfast;
GB;United Kingdom;UKN02;3;Outer Belfast;
GB;United Kingdom;UKN03;3;East of Northern Ireland;
GB;United Kingdom;UKN04;3;North of Northern Ireland;
GB;United Kingdom;UKN05;3;West and South of Northern Ireland;
